filename,set,width,height,bands,crs,dtype,nodata,percent_nodata,sample_min,sample_max,sample_mean,thumb,status,filesize_mb,has_pair,sample_std,percent_zero,cloud_score
development-set/GC01PS03D0001.jpg,development-set,2037,1401,4,,float32,,0.0,0.0;0.0;0.0;0.0,255.0;255.0;255.0;255.0,184.03982543945312;152.7432861328125;157.3186492919922;95.0537109375,data/thumbs/development-set_GC01PS03D0001.jpg.jpg,ok,1.722,True,56.5260009765625;51.362998962402344;55.07099914550781;55.340999603271484,1.454;1.393;1.246;1.381,5.115
development-set/GC01PS03D0001.tif,development-set,2037,1401,4,,uint16,0.0,1.957,0.0;0.0;0.0;0.0,3129.0;2537.0;1691.0;5446.0,668.9884033203125;831.8329467773438;562.7788696289062;3516.2216796875,data/thumbs/development-set_GC01PS03D0001.tif.jpg,ok,21.781,True,250.25999450683594;172.1790008544922;134.05599975585938;777.3040161132812,1.677;1.677;1.677;1.677,3.118
development-set/GC01PS03D0002.jpg,development-set,2037,1401,4,,float32,,0.0,0.0;0.0;0.0;0.0,255.0;255.0;255.0;255.0,92.12244415283203;99.32591247558594;92.232421875;69.0927734375,data/thumbs/development-set_GC01PS03D0002.jpg.jpg,ok,1.91,True,64.00800323486328;64.53800201416016;61.88999938964844;43.638999938964844,1.348;1.352;1.329;1.222,3.505
development-set/GC01PS03D0002.tif,development-set,2037,1401,4,,uint16,0.0,1.957,0.0;0.0;0.0;0.0,3301.0;2502.0;1805.0;4868.0,2309.35302734375;1891.7686767578125;1248.69140625;3577.689208984375,data/thumbs/development-set_GC01PS03D0002.tif.jpg,ok,21.781,True,464.5190124511719;342.1610107421875;231.8520050048828;511.4930114746094,1.677;1.677;1.677;1.677,11.186
development-set/GC01PS03D0007.jpg,development-set,1960,1583,4,,float32,,0.0,0.0;0.0;0.0;0.0,255.0;255.0;255.0;255.0,191.25804138183594;167.2568817138672;184.62640380859375;120.12239074707031,data/thumbs/development-set_GC01PS03D0007.jpg.jpg,ok,1.795,True,58.25899887084961;52.00400161743164;55.78300094604492;61.5369987487793,1.415;1.377;1.299;1.403,13.363
development-set/GC01PS03D0007.tif,development-set,1960,1583,4,,uint16,0.0,1.603,0.0;0.0;0.0;0.0,3215.0;2887.0;2217.0;5769.0,642.93994140625;842.8341064453125;555.1970825195312;3347.206787109375,data/thumbs/development-set_GC01PS03D0007.tif.jpg,ok,23.681,True,300.0610046386719;209.3560028076172;160.73899841308594;790.7839965820312,1.178;1.178;1.178;1.178,3.015
development-set/GC01PS03D0008.jpg,development-set,1960,1583,4,,float32,,0.0,0.0;0.0;0.0;0.0,255.0;255.0;255.0;255.0,129.57443237304688;127.74179077148438;131.29666137695312;99.45796203613281,data/thumbs/development-set_GC01PS03D0008.jpg.jpg,ok,1.992,True,66.46600341796875;62.45399856567383;61.85599899291992;47.76900100708008,1.34;1.354;1.276;1.304,7.068
development-set/GC01PS03D0008.tif,development-set,1960,1583,4,,uint16,0.0,1.603,0.0;0.0;0.0;0.0,2551.0;2199.0;1789.0;4537.0,1097.7841796875;1107.103271484375;781.5048217773438;2833.376220703125,data/thumbs/development-set_GC01PS03D0008.tif.jpg,ok,23.681,True,306.3919982910156;223.42799377441406;158.71299743652344;457.8080139160156,1.178;1.178;1.178;1.178,4.482
development-set/GC01PS03D0009.jpg,development-set,1960,1583,4,,float32,,0.0,0.0;0.0;0.0;0.0,255.0;255.0;255.0;255.0,170.32427978515625;150.61700439453125;166.55422973632812;144.15310668945312,data/thumbs/development-set_GC01PS03D0009.jpg.jpg,ok,1.877,True,61.249000549316406;52.624000549316406;57.987998962402344;59.09199905395508,1.37;1.342;1.304;1.427,7.176
development-set/GC01PS03D0009.tif,development-set,1960,1583,4,,uint16,0.0,1.603,0.0;0.0;0.0;0.0,3017.0;2614.0;2144.0;5776.0,856.1702270507812;924.2203979492188;656.923095703125;2900.678955078125,data/thumbs/development-set_GC01PS03D0009.tif.jpg,ok,23.681,True,367.7650146484375;247.58399963378906;193.3939971923828;858.041015625,1.178;1.178;1.178;1.178,3.12
development-set/GC01PS03D0010.jpg,development-set,2041,1389,4,,float32,,0.0,0.0;0.0;0.0;0.0,255.0;255.0;255.0;255.0,180.1881866455078;174.60191345214844;167.98878479003906;131.22628784179688,data/thumbs/development-set_GC01PS03D0010.jpg.jpg,ok,1.682,True,59.97700119018555;57.358001708984375;57.47200012207031;61.99800109863281,1.473;1.457;1.381;1.352,14.693
development-set/GC01PS03D0010.tif,development-set,2041,1389,4,,uint16,0.0,1.197,0.0;0.0;0.0;0.0,2893.0;2354.0;1745.0;5288.0,837.0166015625;844.2490234375;575.3753662109375;3250.195068359375,data/thumbs/development-set_GC01PS03D0010.tif.jpg,ok,21.637,True,345.989013671875;226.0679931640625;163.42799377441406;660.9439697265625,0.959;0.959;0.959;0.959,2.898
development-set/GC01PS03D0011.jpg,development-set,2041,1389,4,,float32,,0.0,0.0;0.0;0.0;0.0,255.0;255.0;255.0;255.0,120.67803192138672;134.80691528320312;129.41099548339844;115.47496032714844,data/thumbs/development-set_GC01PS03D0011.jpg.jpg,ok,1.845,True,60.64099884033203;62.40800094604492;61.323001861572266;55.305999755859375,1.508;1.484;1.468;1.313,5.961
development-set/GC01PS03D0011.tif,development-set,2041,1389,4,,uint16,0.0,1.197,0.0;0.0;0.0;0.0,3336.0;2825.0;2003.0;4605.0,1740.1571044921875;1447.0045166015625;1006.1282958984375;3080.611083984375,data/thumbs/development-set_GC01PS03D0011.tif.jpg,ok,21.637,True,414.2300109863281;297.67498779296875;198.5800018310547;423.3900146484375,0.959;0.959;0.959;0.959,4.08
development-set/GC01PS03D0016.jpg,development-set,1832,1685,4,,float32,,0.0,0.0;0.0;0.0;0.0,255.0;255.0;255.0;255.0,93.69559478759766;80.91812133789062;84.25411224365234;98.6904296875,data/thumbs/development-set_GC01PS03D0016.jpg.jpg,ok,1.363,True,55.24300003051758;48.47100067138672;49.79100036621094;47.941001892089844,1.47;1.432;1.371;1.43,3.409
development-set/GC01PS03D0016.tif,development-set,1832,1685,4,,uint16,0.0,3.416,0.0;0.0;0.0;0.0,4083.0;3497.0;2751.0;4739.0,850.9244384765625;763.5587768554688;531.2965087890625;1639.2391357421875,data/thumbs/development-set_GC01PS03D0016.tif.jpg,ok,23.561,True,290.80499267578125;211.61900329589844;155.38999938964844;495.3190002441406,3.036;3.036;3.036;3.036,5.922
development-set/GC01PS03D0018.jpg,development-set,1737,1559,4,,float32,,0.0,0.0;0.0;0.0;0.0,255.0;255.0;255.0;255.0,132.39373779296875;127.64979553222656;140.61990356445312;114.99533081054688,data/thumbs/development-set_GC01PS03D0018.jpg.jpg,ok,1.693,True,66.35299682617188;60.91899871826172;60.452999114990234;65.23200225830078,1.317;1.297;1.288;1.322,6.851
development-set/GC01PS03D0018.tif,development-set,1737,1559,4,,uint16,0.0,1.626,0.0;0.0;0.0;0.0,2075.0;1842.0;1577.0;3516.0,997.2490234375;947.921630859375;835.4367065429688;1546.685302734375,data/thumbs/development-set_GC01PS03D0018.tif.jpg,ok,20.669,True,211.9429931640625;157.61700439453125;123.34100341796875;459.5119934082031,1.224;1.224;1.224;1.224,4.745
development-set/GC01PS03D0021.jpg,development-set,1985,1604,4,,float32,,0.0,0.0;0.0;0.0;0.0,255.0;255.0;255.0;255.0,90.33116149902344;66.91192626953125;61.08733367919922;95.76312255859375,data/thumbs/development-set_GC01PS03D0021.jpg.jpg,ok,1.284,True,42.183998107910156;37.96200180053711;37.5989990234375;51.79800033569336,1.6;1.589;1.55;1.49,2.215
development-set/GC01PS03D0021.tif,development-set,1985,1604,4,,uint16,0.0,2.253,0.0;0.0;0.0;0.0,2065.0;1706.0;1379.0;3480.0,888.33837890625;896.65478515625;770.6571655273438;1560.2392578125,data/thumbs/development-set_GC01PS03D0021.tif.jpg,ok,24.301,True,225.11000061035156;175.23599243164062;143.29800415039062;498.8160095214844,1.865;1.865;1.865;1.865,4.215
development-set/GC01PS03D0025.jpg,development-set,2211,1489,4,,float32,,0.0,0.0;0.0;0.0;0.0,255.0;255.0;255.0;255.0,114.61508178710938;111.31838989257812;114.12489318847656;100.86903381347656,data/thumbs/development-set_GC01PS03D0025.jpg.jpg,ok,2.014,True,46.91299819946289;44.4630012512207;45.45000076293945;45.03099822998047,1.25;1.232;1.22;1.471,3.111
development-set/GC01PS03D0025.tif,development-set,2211,1489,4,,uint16,0.0,3.106,0.0;0.0;0.0;0.0,7468.0;6566.0;5886.0;4422.0,1019.78662109375;881.2908935546875;692.5735473632812;1543.9752197265625,data/thumbs/development-set_GC01PS03D0025.tif.jpg,ok,25.126,True,337.0400085449219;269.2049865722656;219.9600067138672;446.6300048828125,2.742;2.742;2.742;2.742,4.136
development-set/GC01PS03D0027.jpg,development-set,1839,1677,4,,float32,,0.0,0.0;0.0;0.0;0.0,255.0;255.0;255.0;255.0,137.0063934326172;108.11035919189453;121.92564392089844;56.20012664794922,data/thumbs/development-set_GC01PS03D0027.jpg.jpg,ok,1.414,True,50.72600173950195;46.18299865722656;49.0989990234375;47.770999908447266,1.553;1.511;1.337;1.404,4.375
development-set/GC01PS03D0027.tif,development-set,1839,1677,4,,uint16,0.0,4.378,0.0;0.0;0.0;0.0,2721.0;2356.0;2120.0;5515.0,964.469970703125;980.9244384765625;545.2759399414062;3274.232177734375,data/thumbs/development-set_GC01PS03D0027.tif.jpg,ok,23.539,True,414.24700927734375;304.6400146484375;199.70599365234375;760.7860107421875,3.992;3.992;3.992;3.992,4.58
development-set/GC01PS03D0028.jpg,development-set,1839,1677,4,,float32,,0.0,0.0;0.0;0.0;0.0,255.0;255.0;255.0;255.0,141.0708770751953;113.80205535888672;122.116455078125;66.79441833496094,data/thumbs/development-set_GC01PS03D0028.jpg.jpg,ok,1.58,True,49.694000244140625;46.60599899291992;49.358001708984375;46.79800033569336,1.494;1.41;1.27;1.356,4.375
development-set/GC01PS03D0028.tif,development-set,1839,1677,4,,uint16,0.0,4.378,0.0;0.0;0.0;0.0,3167.0;2633.0;2038.0;5075.0,669.2249755859375;644.2408447265625;398.07073974609375;2092.975341796875,data/thumbs/development-set_GC01PS03D0028.tif.jpg,ok,23.539,True,296.7640075683594;213.58299255371094;150.16000366210938;506.489990234375,3.992;3.992;3.992;3.992,3.614
development-set/GC01PS03D0029.jpg,development-set,1839,1677,4,,float32,,0.0,0.0;0.0;0.0;0.0,255.0;255.0;255.0;255.0,112.1783676147461;81.68872833251953;76.43846130371094;87.04353332519531,data/thumbs/development-set_GC01PS03D0029.jpg.jpg,ok,1.466,True,46.354000091552734;45.10100173950195;45.39899826049805;43.50400161743164,1.516;1.453;1.332;1.335,4.375
development-set/GC01PS03D0029.tif,development-set,1839,1677,4,,uint16,0.0,4.378,0.0;0.0;0.0;0.0,2343.0;1806.0;1799.0;4290.0,779.7899169921875;789.3486328125;693.7138671875;1948.7506103515625,data/thumbs/development-set_GC01PS03D0029.tif.jpg,ok,23.539,True,252.6479949951172;201.68600463867188;172.5959930419922;496.1830139160156,3.992;3.992;3.992;3.992,5.228
development-set/GC01PS03D0030.jpg,development-set,1861,1687,4,,float32,,0.0,0.0;0.0;0.0;0.0,255.0;255.0;255.0;255.0,92.47137451171875;75.93074798583984;79.04209899902344;52.131282806396484,data/thumbs/development-set_GC01PS03D0030.jpg.jpg,ok,1.354,True,46.347999572753906;45.15399932861328;45.60200119018555;45.9739990234375,1.576;1.51;1.394;1.443,4.106
development-set/GC01PS03D0030.tif,development-set,1861,1687,4,,uint16,0.0,4.113,0.0;0.0;0.0;0.0,2648.0;2147.0;1617.0;4819.0,1279.276611328125;1057.329345703125;666.7083129882812;2675.34716796875,data/thumbs/development-set_GC01PS03D0030.tif.jpg,ok,23.962,True,357.739013671875;259.2460021972656;168.1739959716797;584.3779907226562,3.728;3.728;3.728;3.728,6.499
development-set/GC01PS03D0036.jpg,development-set,1712,1774,4,,float32,,0.0,0.0;0.0;0.0;0.0,255.0;255.0;255.0;255.0,89.42753601074219;78.70378112792969;71.7046890258789;58.064910888671875,data/thumbs/development-set_GC01PS03D0036.jpg.jpg,ok,1.248,True,52.1349983215332;50.49300003051758;51.40299987792969;51.404998779296875,1.481;1.474;1.4;1.456,5.461
development-set/GC01PS03D0036.tif,development-set,1712,1774,4,,uint16,0.0,5.456,0.0;0.0;0.0;0.0,3104.0;2759.0;2084.0;4769.0,1640.4351806640625;1350.8428955078125;890.4855346679688;2834.028076171875,data/thumbs/development-set_GC01PS03D0036.tif.jpg,ok,23.181,True,504.1239929199219;377.10198974609375;243.76699829101562;717.8309936523438,5.073;5.073;5.073;5.073,9.931
development-set/GC01PS03D0037.jpg,development-set,1712,1774,4,,float32,,0.0,0.0;0.0;0.0;0.0,255.0;255.0;255.0;255.0,163.45411682128906;137.92562866210938;147.2113037109375;75.0306167602539,data/thumbs/development-set_GC01PS03D0037.jpg.jpg,ok,1.523,True,60.87099838256836;52.542999267578125;57.54499816894531;57.29399871826172,1.411;1.384;1.329;1.354,5.462
development-set/GC01PS03D0037.tif,development-set,1712,1774,4,,uint16,0.0,5.456,0.0;0.0;0.0;0.0,4487.0;4262.0;5879.0;5667.0,834.3710327148438;876.4522705078125;508.3502502441406;3264.1884765625,data/thumbs/development-set_GC01PS03D0037.tif.jpg,ok,23.181,True,555.8369750976562;393.3710021972656;273.39801025390625;1010.4520263671875,5.073;5.073;5.073;5.073,3.522
development-set/GC01PS03D0038.jpg,development-set,1712,1774,4,,float32,,0.0,0.0;0.0;0.0;0.0,255.0;255.0;255.0;255.0,127.82105255126953;101.240966796875;109.46649169921875;89.82035064697266,data/thumbs/development-set_GC01PS03D0038.jpg.jpg,ok,1.449,True,57.7400016784668;51.987998962402344;51.08000183105469;48.707000732421875,1.346;1.402;1.288;1.39,5.461
development-set/GC01PS03D0038.tif,development-set,1712,1774,4,,uint16,0.0,5.456,0.0;0.0;0.0;0.0,2888.0;2693.0;2497.0;4763.0,919.7989501953125;830.015869140625;586.7034912109375;2012.02392578125,data/thumbs/development-set_GC01PS03D0038.tif.jpg,ok,23.181,True,414.9580078125;279.5889892578125;208.76800537109375;589.031982421875,5.073;5.073;5.073;5.073,4.379
development-set/GC01PS03D0039.jpg,development-set,1910,1643,4,,float32,,0.0,0.0;0.0;0.0;0.0,255.0;255.0;255.0;255.0,141.08407592773438;117.73123931884766;129.20326232910156;86.38619232177734,data/thumbs/development-set_GC01PS03D0039.jpg.jpg,ok,1.496,True,54.04800033569336;48.327999114990234;50.277000427246094;54.37300109863281,1.451;1.443;1.376;1.505,5.647
development-set/GC01PS03D0039.tif,development-set,1910,1643,4,,uint16,0.0,5.651,0.0;0.0;0.0;0.0,2807.0;2353.0;1706.0;5207.0,703.9874267578125;725.1714477539062;486.47039794921875;2863.71630859375,data/thumbs/development-set_GC01PS03D0039.tif.jpg,ok,23.952,True,338.78399658203125;258.5790100097656;195.8509979248047;899.5570068359375,5.264;5.264;5.264;5.264,3.707
development-set/GC01PS03D0040.jpg,development-set,2329,1540,4,,float32,,0.0,0.0;0.0;0.0;0.0,255.0;255.0;255.0;255.0,133.69900512695312;134.9596405029297;148.58355712890625;103.18790435791016,data/thumbs/development-set_GC01PS03D0040.jpg.jpg,ok,2.196,True,59.43299865722656;56.79399871826172;57.6870002746582;53.27399826049805,1.259;1.254;1.199;1.356,5.719
development-set/GC01PS03D0040.tif,development-set,2329,1540,4,,uint16,0.0,1.746,0.0;0.0;0.0;0.0,3726.0;3282.0;3060.0;4788.0,1316.86767578125;1248.00732421875;1066.2862548828125;2194.57470703125,data/thumbs/development-set_GC01PS03D0040.tif.jpg,ok,27.373,True,382.3659973144531;289.46099853515625;245.41099548339844;586.718017578125,1.326;1.326;1.326;1.326,3.807
development-set/GC01PS03D0043.jpg,development-set,2363,1394,4,,float32,,0.0,0.0;0.0;0.0;0.0,255.0;255.0;255.0;255.0,76.42489624023438;70.8343505859375;69.31658172607422;59.72066116333008,data/thumbs/development-set_GC01PS03D0043.jpg.jpg,ok,1.284,True,56.95000076293945;53.85100173950195;53.22800064086914;56.71099853515625,1.527;1.497;1.438;1.367,5.53
development-set/GC01PS03D0043.tif,development-set,2363,1394,4,,uint16,0.0,5.535,0.0;0.0;0.0;0.0,3406.0;2550.0;2092.0;4862.0,2024.30126953125;1532.107666015625;1038.2431640625;3052.34326171875,data/thumbs/development-set_GC01PS03D0043.tif.jpg,ok,25.14,True,631.2630004882812;436.6499938964844;289.8909912109375;862.4520263671875,5.147;5.147;5.147;5.147,15.827
development-set/GC01PS03D0044.jpg,development-set,1851,1553,4,,float32,,0.0,0.0;0.0;0.0;0.0,255.0;255.0;255.0;255.0,188.72518920898438;174.82371520996094;184.953857421875;109.49220275878906,data/thumbs/development-set_GC01PS03D0044.jpg.jpg,ok,1.637,True,62.5620002746582;56.93000030517578;60.55500030517578;62.6349983215332,1.381;1.356;1.288;1.364,20.583
development-set/GC01PS03D0044.tif,development-set,1851,1553,4,,uint16,0.0,1.123,0.0;0.0;0.0;0.0,5639.0;3768.0;3744.0;5588.0,654.6591796875;789.2216796875;471.4623107910156;3172.035400390625,data/thumbs/development-set_GC01PS03D0044.tif.jpg,ok,21.941,True,326.4360046386719;202.18899536132812;157.22799682617188;735.9130249023438,0.716;0.716;0.716;0.716,3.151
development-set/GC01PS03D0045.jpg,development-set,1851,1553,4,,float32,,0.0,0.0;0.0;0.0;0.0,255.0;255.0;255.0;255.0,133.78500366210938;136.26016235351562;132.38333129882812;114.68856811523438,data/thumbs/development-set_GC01PS03D0045.jpg.jpg,ok,1.679,True,58.479000091552734;56.63999938964844;58.90800094604492;58.32500076293945,1.378;1.37;1.32;1.365,5.566
development-set/GC01PS03D0045.tif,development-set,1851,1553,4,,uint16,0.0,1.123,0.0;0.0;0.0;0.0,3408.0;2945.0;2499.0;5544.0,1550.7784423828125;1364.63818359375;905.76611328125;3010.055908203125,data/thumbs/development-set_GC01PS03D0045.tif.jpg,ok,21.941,True,461.0119934082031;326.1199951171875;255.76699829101562;563.1489868164062,0.716;0.716;0.716;0.716,4.123
development-set/GC01PS03D0046.jpg,development-set,1851,1553,4,,float32,,0.0,0.0;0.0;0.0;0.0,255.0;255.0;255.0;255.0,177.25204467773438;160.4374542236328;175.62283325195312;103.87073516845703,data/thumbs/development-set_GC01PS03D0046.jpg.jpg,ok,1.62,True,62.058998107910156;56.28200149536133;56.38800048828125;57.81399917602539,1.32;1.286;1.264;1.347,10.002
development-set/GC01PS03D0046.tif,development-set,1851,1553,4,,uint16,0.0,1.377,0.0;0.0;0.0;0.0,4449.0;3896.0;3727.0;5627.0,648.3339233398438;790.1903076171875;504.2852783203125;3530.0283203125,data/thumbs/development-set_GC01PS03D0046.tif.jpg,ok,21.941,True,261.02099609375;187.61500549316406;139.81100463867188;667.885986328125,0.97;0.97;0.97;0.97,3.265
development-set/GC01PS03D0050.jpg,development-set,1783,1630,4,,float32,,0.0,0.0;0.0;0.0;0.0,255.0;255.0;255.0;255.0,129.5113525390625;118.63548278808594;141.47390747070312;104.63605499267578,data/thumbs/development-set_GC01PS03D0050.jpg.jpg,ok,1.403,True,48.345001220703125;40.70500183105469;41.9630012512207;49.35300064086914,1.379;1.391;1.367;1.527,3.606
development-set/GC01PS03D0050.tif,development-set,1783,1630,4,,uint16,0.0,3.604,0.0;0.0;0.0;0.0,7615.0;5489.0;6819.0;5428.0,669.7964477539062;620.2024536132812;376.20892333984375;1705.8577880859375,data/thumbs/development-set_GC01PS03D0050.tif.jpg,ok,22.183,True,283.197998046875;221.55099487304688;186.7010040283203;562.927978515625,3.24;3.24;3.24;3.24,2.951
development-set/GC01PS03D0051.jpg,development-set,1982,2106,4,,float32,,0.0,0.0;0.0;0.0;0.0,255.0;255.0;255.0;255.0,87.86119079589844;76.6115493774414;81.0424575805664;62.46573257446289,data/thumbs/development-set_GC01PS03D0051.jpg.jpg,ok,1.632,True,47.47100067138672;44.005001068115234;45.64699935913086;44.23899841308594,1.515;1.496;1.401;1.629,3.442
development-set/GC01PS03D0051.tif,development-set,1982,2106,4,,uint16,0.0,3.433,0.0;0.0;0.0;0.0,3596.0;3199.0;2610.0;5181.0,1560.1248779296875;1417.155517578125;1050.111328125;2978.851806640625,data/thumbs/development-set_GC01PS03D0051.tif.jpg,ok,31.858,True,433.614990234375;341.4859924316406;269.406005859375;663.9730224609375,3.053;3.053;3.053;3.053,7.013
development-set/GC01PS03D0052.jpg,development-set,1856,1569,4,,float32,,0.0,0.0;0.0;0.0;0.0,255.0;255.0;255.0;255.0,136.32876586914062;139.83053588867188;146.00433349609375;113.91094970703125,data/thumbs/development-set_GC01PS03D0052.jpg.jpg,ok,1.971,True,59.507999420166016;57.25699996948242;58.21799850463867;52.902000427246094,1.359;1.287;1.188;1.34,6.634
development-set/GC01PS03D0052.tif,development-set,1856,1569,4,,uint16,0.0,1.407,0.0;0.0;0.0;0.0,4531.0;4058.0;3596.0;5079.0,1375.815185546875;1193.511474609375;880.79638671875;2724.026611328125,data/thumbs/development-set_GC01PS03D0052.tif.jpg,ok,22.226,True,403.7659912109375;291.7650146484375;258.0769958496094;509.8550109863281,1.003;1.003;1.003;1.003,3.211
development-set/GC01PS03D0053.jpg,development-set,1905,1652,4,,float32,,0.0,0.0;0.0;0.0;0.0,255.0;255.0;255.0;255.0,139.80950927734375;142.41331481933594;142.02845764160156;131.4830322265625,data/thumbs/development-set_GC01PS03D0053.jpg.jpg,ok,2.228,True,64.36699676513672;62.95500183105469;64.89399719238281;55.71099853515625,1.364;1.267;1.258;1.397,8.193
development-set/GC01PS03D0053.tif,development-set,1905,1652,4,,uint16,0.0,0.953,0.0;0.0;0.0;0.0,6167.0;5145.0;4050.0;6661.0,1483.308349609375;1349.987060546875;885.7057495117188;3007.384033203125,data/thumbs/development-set_GC01PS03D0053.tif.jpg,ok,24.02,True,363.5419921875;276.8320007324219;223.54800415039062;407.39300537109375,0.59;0.59;0.59;0.59,4.012
development-set/GC01PS03D0061.jpg,development-set,2205,1368,4,,float32,,0.0,0.0;0.0;0.0;0.0,255.0;255.0;255.0;255.0,154.90206909179688;127.15866088867188;138.53680419921875;67.6389389038086,data/thumbs/development-set_GC01PS03D0061.jpg.jpg,ok,1.255,True,53.15999984741211;43.051998138427734;46.893001556396484;43.57600021362305,1.518;1.591;1.461;1.509,2.094
development-set/GC01PS03D0061.tif,development-set,2205,1368,4,,uint16,0.0,2.065,0.0;0.0;0.0;0.0,2907.0;2451.0;2372.0;5230.0,716.1249389648438;782.1491088867188;495.6337585449219;3285.827880859375,data/thumbs/development-set_GC01PS03D0061.tif.jpg,ok,23.022,True,386.6300048828125;268.5639953613281;202.4320068359375;731.9879760742188,1.706;1.706;1.706;1.706,3.037
development-set/GC01PS03D0062.jpg,development-set,2205,1368,4,,float32,,0.0,0.0;0.0;0.0;0.0,255.0;255.0;255.0;255.0,98.06856536865234;95.24217987060547;97.04133605957031;57.89323425292969,data/thumbs/development-set_GC01PS03D0062.jpg.jpg,ok,1.559,True,44.08599853515625;41.75;42.24700164794922;37.981998443603516,1.369;1.407;1.322;1.343,2.094
development-set/GC01PS03D0062.tif,development-set,2205,1368,4,,uint16,0.0,2.065,0.0;0.0;0.0;0.0,3113.0;2619.0;2137.0;4555.0,1415.6982421875;1158.9241943359375;792.4732055664062;2829.222412109375,data/thumbs/development-set_GC01PS03D0062.tif.jpg,ok,23.022,True,385.3160095214844;294.2749938964844;204.4149932861328;509.97698974609375,1.706;1.706;1.706;1.706,3.595
development-set/GC01PS03D0069.jpg,development-set,1866,1534,4,,float32,,0.0,0.0;0.0;0.0;0.0,255.0;255.0;255.0;255.0,174.21932983398438;174.9606475830078;184.3788604736328;123.36582946777344,data/thumbs/development-set_GC01PS03D0069.jpg.jpg,ok,1.63,True,66.55699920654297;62.29100036621094;61.277000427246094;80.74600219726562,1.345;1.128;1.137;1.305,26.605
development-set/GC01PS03D0069.tif,development-set,1866,1534,4,,uint16,0.0,0.634,0.0;0.0;0.0;0.0,5342.0;4942.0;4348.0;5869.0,1023.34228515625;989.4938354492188;795.750244140625;2175.704833984375,data/thumbs/development-set_GC01PS03D0069.tif.jpg,ok,21.848,True,652.344970703125;504.281005859375;419.552001953125;1169.7110595703125,0.306;0.306;0.306;0.306,2.907
development-set/GC01PS03D0071.jpg,development-set,1303,1389,4,,float32,,0.0,0.0;0.0;0.0;0.0,255.0;255.0;255.0;255.0,115.91300964355469;102.70475006103516;111.43024444580078;97.85227966308594,data/thumbs/development-set_GC01PS03D0071.jpg.jpg,ok,0.993,True,55.16299819946289;47.74800109863281;48.15599822998047;48.56100082397461,1.184;1.177;1.224;1.505,3.94
development-set/GC01PS03D0071.tif,development-set,1303,1389,4,,uint16,0.0,3.942,0.0;0.0;0.0;0.0,4098.0;3631.0;3121.0;5344.0,1093.301025390625;1052.7542724609375;880.0656127929688;2489.992431640625,data/thumbs/development-set_GC01PS03D0071.tif.jpg,ok,13.816,True,435.239013671875;333.84100341796875;299.97698974609375;758.4619750976562,3.566;3.566;3.566;3.566,4.344
development-set/GC01PS03D0075.jpg,development-set,1495,961,4,,float32,,0.0,0.0;0.0;0.0;0.0,255.0;255.0;255.0;255.0,169.63638305664062;172.8058319091797;177.65357971191406;100.34910583496094,data/thumbs/development-set_GC01PS03D0075.jpg.jpg,ok,0.726,True,61.88199996948242;58.16899871826172;58.051998138427734;60.93899917602539,1.353;1.283;1.283;1.432,13.13
development-set/GC01PS03D0075.tif,development-set,1495,961,4,,uint16,0.0,0.98,0.0;0.0;0.0;0.0,6149.0;5524.0;4601.0;6477.0,994.7779541015625;982.746337890625;695.90625;2407.863525390625,data/thumbs/development-set_GC01PS03D0075.tif.jpg,ok,10.967,True,422.37799072265625;323.697998046875;288.1260070800781;750.6119995117188,0.7;0.7;0.7;0.7,3.119
development-set/GC01PS03D0076.jpg,development-set,2458,6164,4,,float32,,0.0,0.0;0.0;0.0;0.0,255.0;255.0;255.0;255.0,114.45333099365234;100.44641876220703;125.01602935791016;116.17034912109375,data/thumbs/development-set_GC01PS03D0076.jpg.jpg,ok,6.71,True,56.91299819946289;51.64099884033203;51.12799835205078;54.321998596191406,1.339;1.376;1.362;1.589,6.182
development-set/GC01PS03D0076.tif,development-set,2458,6164,4,,uint16,0.0,6.154,0.0;0.0;0.0;0.0,4041.0;3418.0;2803.0;5242.0,925.30712890625;911.7942504882812;675.7821655273438;2218.162841796875,data/thumbs/development-set_GC01PS03D0076.tif.jpg,ok,115.629,True,373.8590087890625;303.2349853515625;273.8210144042969;856.7139892578125,5.788;5.788;5.788;5.788,4.176
development-set/GC01PS03D0077.jpg,development-set,2458,6164,4,,float32,,0.0,0.0;0.0;0.0;0.0,255.0;255.0;255.0;255.0,85.32170867919922;78.77774810791016;94.82752990722656;86.81787109375,data/thumbs/development-set_GC01PS03D0077.jpg.jpg,ok,6.102,True,58.02399826049805;55.42300033569336;55.308998107910156;50.06999969482422,1.529;1.442;1.376;1.658,6.182
development-set/GC01PS03D0077.tif,development-set,2458,6164,4,,uint16,0.0,6.154,0.0;0.0;0.0;0.0,5357.0;4763.0;4139.0;5930.0,1670.2166748046875;1456.7501220703125;1024.95361328125;2897.828369140625,data/thumbs/development-set_GC01PS03D0077.tif.jpg,ok,115.629,True,560.7050170898438;448.1709899902344;354.1579895019531;843.75,5.788;5.788;5.788;5.788,8.635
development-set/GC01PS03D0079.jpg,development-set,4659,1652,4,,float32,,0.0,0.0;0.0;0.0;0.0,255.0;255.0;255.0;255.0,106.47892761230469;93.14710235595703;98.0998764038086;109.187255859375,data/thumbs/development-set_GC01PS03D0079.jpg.jpg,ok,3.887,True,56.52299880981445;54.42499923706055;55.939998626708984;50.53200149536133,1.332;1.355;1.285;1.684,6.464
development-set/GC01PS03D0079.tif,development-set,4659,1652,4,,uint16,0.0,6.467,0.0;0.0;0.0;0.0,12793.0;8946.0;6969.0;4877.0,933.7068481445312;896.7478637695312;729.1183471679688;1745.414794921875,data/thumbs/development-set_GC01PS03D0079.tif.jpg,ok,58.731,True,352.0409851074219;298.37799072265625;260.0360107421875;607.1409912109375,6.08;6.08;6.08;6.08,6.264
development-set/GC01PS03D0081.jpg,development-set,4659,1652,4,,float32,,0.0,0.0;0.0;0.0;0.0,255.0;255.0;255.0;255.0,128.5801239013672;113.74657440185547;110.89972686767578;111.14122009277344,data/thumbs/development-set_GC01PS03D0081.jpg.jpg,ok,4.7,True,54.0;51.42900085449219;52.32699966430664;52.89099884033203,1.367;1.342;1.265;1.418,4.852
development-set/GC01PS03D0081.tif,development-set,4659,1652,4,,uint16,0.0,4.852,0.0;0.0;0.0;0.0,11604.0;9611.0;6579.0;24251.0,913.49560546875;864.0657348632812;711.2174072265625;1684.9248046875,data/thumbs/development-set_GC01PS03D0081.tif.jpg,ok,58.731,True,373.6159973144531;302.6449890136719;247.88699340820312;601.3870239257812,4.469;4.469;4.469;4.469,4.37
development-set/GC01PS03D0089.jpg,development-set,1419,1022,4,,float32,,0.0,0.0;0.0;0.0;0.0,255.0;255.0;255.0;255.0,95.00952911376953;85.28610229492188;101.90335845947266;64.5045166015625,data/thumbs/development-set_GC01PS03D0089.jpg.jpg,ok,0.712,True,55.43000030517578;51.176998138427734;53.034000396728516;49.757999420166016,1.401;1.353;1.319;1.507,4.159
development-set/GC01PS03D0089.tif,development-set,1419,1022,4,,uint16,0.0,4.249,0.0;0.0;0.0;0.0,4771.0;4160.0;3423.0;5910.0,1678.37890625;1518.1165771484375;1040.4150390625;3439.68115234375,data/thumbs/development-set_GC01PS03D0089.tif.jpg,ok,11.07,True,578.6699829101562;459.0539855957031;367.5;879.2100219726562,3.865;3.865;3.865;3.865,6.062
development-set/GC01PS03D0090.jpg,development-set,1773,1783,4,,float32,,0.0,0.0;0.0;0.0;0.0,255.0;255.0;255.0;255.0,87.82286071777344;79.10018920898438;79.63777160644531;47.42007064819336,data/thumbs/development-set_GC01PS03D0090.jpg.jpg,ok,1.374,True,50.98699951171875;46.18899917602539;46.191001892089844;43.1150016784668,1.505;1.596;1.571;1.383,3.352
development-set/GC01PS03D0090.tif,development-set,1773,1783,4,,uint16,0.0,3.351,0.0;0.0;0.0;0.0,3596.0;3351.0;2779.0;4960.0,1586.62841796875;1354.97705078125;882.32470703125;2927.248779296875,data/thumbs/development-set_GC01PS03D0090.tif.jpg,ok,24.129,True,474.1300048828125;351.62701416015625;236.45700073242188;581.9240112304688,2.985;2.985;2.985;2.985,7.082
development-set/GC01PS03D0091.jpg,development-set,1773,1783,4,,float32,,0.0,0.0;0.0;0.0;0.0,255.0;255.0;255.0;255.0,64.15886688232422;63.069034576416016;71.42976379394531;37.85272216796875,data/thumbs/development-set_GC01PS03D0091.jpg.jpg,ok,1.278,True,45.854000091552734;43.823001861572266;44.3489990234375;43.915000915527344,1.588;1.581;1.562;1.388,3.353
development-set/GC01PS03D0091.tif,development-set,1773,1783,4,,uint16,0.0,3.351,0.0;0.0;0.0;0.0,3481.0;3129.0;2606.0;5043.0,2111.781005859375;1712.9151611328125;1085.3466796875;3340.986328125,data/thumbs/development-set_GC01PS03D0091.tif.jpg,ok,24.129,True,489.1130065917969;376.8710021972656;256.85198974609375;643.197998046875,2.985;2.985;2.985;2.985,12.721
development-set/GC01PS03D0093.jpg,development-set,1721,1739,4,,float32,,0.0,0.0;0.0;0.0;0.0,255.0;255.0;255.0;255.0,149.0345458984375;118.971435546875;126.1122055053711;91.341552734375,data/thumbs/development-set_GC01PS03D0093.jpg.jpg,ok,1.264,True,60.237998962402344;50.444000244140625;52.85599899291992;57.018001556396484,1.396;1.418;1.364;1.518,3.553
development-set/GC01PS03D0093.tif,development-set,1721,1739,4,,uint16,0.0,3.553,0.0;0.0;0.0;0.0,3996.0;3757.0;3070.0;5270.0,802.4935302734375;803.0933227539062;499.9002990722656;2826.530517578125,data/thumbs/development-set_GC01PS03D0093.tif.jpg,ok,22.844,True,456.5950012207031;299.6440124511719;209.76800537109375;967.1060180664062,3.18;3.18;3.18;3.18,4.571
development-set/GC01PS03D0094.jpg,development-set,1721,1739,4,,float32,,0.0,0.0;0.0;0.0;0.0,255.0;255.0;255.0;255.0,63.618309020996094;56.53193283081055;56.53559494018555;53.974609375,data/thumbs/development-set_GC01PS03D0094.jpg.jpg,ok,1.043,True,49.78099822998047;46.37099838256836;46.05099868774414;43.40299987792969,1.581;1.589;1.6;1.546,3.553
development-set/GC01PS03D0094.tif,development-set,1721,1739,4,,uint16,0.0,3.553,0.0;0.0;0.0;0.0,3848.0;3533.0;2749.0;5382.0,2078.047119140625;1783.437255859375;1273.973876953125;3386.800537109375,data/thumbs/development-set_GC01PS03D0094.tif.jpg,ok,22.844,True,523.4180297851562;401.7749938964844;285.4490051269531;704.0960083007812,3.18;3.18;3.18;3.18,19.712
development-set/GC01PS03D0095.jpg,development-set,1721,1739,4,,float32,,0.0,0.0;0.0;0.0;0.0,255.0;255.0;255.0;255.0,107.26799774169922;86.20934295654297;84.50991821289062;75.61727142333984,data/thumbs/development-set_GC01PS03D0095.jpg.jpg,ok,1.171,True,47.691001892089844;42.57099914550781;42.986000061035156;48.731998443603516,1.489;1.517;1.473;1.537,3.553
development-set/GC01PS03D0095.tif,development-set,1721,1739,4,,uint16,0.0,3.553,0.0;0.0;0.0;0.0,3644.0;3191.0;2507.0;4381.0,1112.139404296875;1058.113037109375;745.7733154296875;2453.2587890625,data/thumbs/development-set_GC01PS03D0095.tif.jpg,ok,22.844,True,356.7449951171875;262.4930114746094;184.9949951171875;649.4920043945312,3.18;3.18;3.18;3.18,5.165
development-set/GC01PS03D0097.jpg,development-set,1690,1726,4,,float32,,0.0,0.0;0.0;0.0;0.0,255.0;255.0;255.0;255.0,145.85894775390625;121.3604736328125;131.3943328857422;95.35289001464844,data/thumbs/development-set_GC01PS03D0097.jpg.jpg,ok,1.182,True,55.3390007019043;47.763999938964844;50.05699920654297;58.41400146484375,1.542;1.57;1.48;1.568,3.581
development-set/GC01PS03D0097.tif,development-set,1690,1726,4,,uint16,0.0,3.586,0.0;0.0;0.0;0.0,2803.0;2641.0;2207.0;5356.0,684.8353881835938;775.431396484375;448.7202453613281;2504.651123046875,data/thumbs/development-set_GC01PS03D0097.tif.jpg,ok,22.265,True,351.25299072265625;279.2309875488281;183.88999938964844;900.530029296875,3.197;3.197;3.197;3.197,3.963
development-set/GC01PS03D0102.jpg,development-set,2059,1965,4,,float32,,0.0,0.0;0.0;0.0;0.0,255.0;255.0;255.0;255.0,125.65181732177734;138.9943084716797;134.33485412597656;128.82521057128906,data/thumbs/development-set_GC01PS03D0102.jpg.jpg,ok,2.769,True,60.138999938964844;59.98099899291992;60.67499923706055;50.887001037597656,1.209;1.186;1.2;1.523,6.102
development-set/GC01PS03D0102.tif,development-set,2059,1965,4,,uint16,0.0,1.341,0.0;0.0;0.0;0.0,4586.0;4325.0;3894.0;6021.0,1908.1258544921875;1693.085205078125;1302.8013916015625;3079.246826171875,data/thumbs/development-set_GC01PS03D0102.tif.jpg,ok,30.879,True,398.1700134277344;321.3179931640625;292.2770080566406;450.2040100097656,0.971;0.971;0.971;0.971,4.016
development-set/GC01PS03D0103.jpg,development-set,1669,882,4,,float32,,0.0,0.0;0.0;0.0;0.0,255.0;255.0;255.0;255.0,55.85086441040039;52.73869323730469;63.02125549316406;52.44563293457031,data/thumbs/development-set_GC01PS03D0103.jpg.jpg,ok,0.621,True,42.70899963378906;41.6510009765625;42.604000091552734;40.111000061035156,1.441;1.365;1.334;1.569,3.018
development-set/GC01PS03D0103.tif,development-set,1669,882,4,,uint16,0.0,3.016,0.0;0.0;0.0;0.0,6678.0;5543.0;5240.0;5194.0,2015.1708984375;1721.0458984375;1268.089111328125;3124.999755859375,data/thumbs/development-set_GC01PS03D0103.tif.jpg,ok,11.236,True,415.67401123046875;341.2860107421875;275.0530090332031;592.0549926757812,2.641;2.641;2.641;2.641,13.647
development-set/GC01PS03D0105.jpg,development-set,2053,1374,4,,float32,,0.0,0.0;0.0;0.0;0.0,255.0;255.0;255.0;255.0,142.1637420654297;141.99349975585938;139.1136016845703;145.2889404296875,data/thumbs/development-set_GC01PS03D0105.jpg.jpg,ok,1.974,True,60.09199905395508;61.74399948120117;61.7130012512207;57.323001861572266,1.316;1.336;1.319;1.502,5.692
development-set/GC01PS03D0105.tif,development-set,2053,1374,4,,uint16,0.0,1.356,0.0;0.0;0.0;0.0,2943.0;2642.0;2298.0;4454.0,1019.0712890625;1038.3922119140625;968.8453369140625;1872.75390625,data/thumbs/development-set_GC01PS03D0105.tif.jpg,ok,21.529,True,192.83799743652344;168.54299926757812;147.13999938964844;578.4879760742188,1.052;1.052;1.052;1.052,3.65
development-set/GC01PS03D0106.jpg,development-set,2053,1374,4,,float32,,0.0,0.0;0.0;0.0;0.0,255.0;255.0;255.0;255.0,146.1573486328125;141.62777709960938;145.8997344970703;136.4700927734375,data/thumbs/development-set_GC01PS03D0106.jpg.jpg,ok,1.843,True,61.92399978637695;57.54600143432617;61.14899826049805;64.30999755859375,1.276;1.235;1.293;1.428,6.998
development-set/GC01PS03D0106.tif,development-set,2053,1374,4,,uint16,0.0,1.356,0.0;0.0;0.0;0.0,5328.0;4437.0;3005.0;8082.0,1087.118408203125;1166.637939453125;943.1759643554688;2454.544677734375,data/thumbs/development-set_GC01PS03D0106.tif.jpg,ok,21.529,True,234.03199768066406;186.53900146484375;158.52699279785156;735.6710205078125,1.052;1.052;1.052;1.052,3.127
development-set/GC01PS03D0107.jpg,development-set,2053,1374,4,,float32,,0.0,0.0;0.0;0.0;0.0,255.0;255.0;255.0;255.0,148.1598358154297;139.4450225830078;141.72715759277344;138.82711791992188,data/thumbs/development-set_GC01PS03D0107.jpg.jpg,ok,1.979,True,57.189998626708984;65.04399871826172;62.65800094604492;59.98699951171875,1.341;1.304;1.299;1.501,5.788
development-set/GC01PS03D0107.tif,development-set,2053,1374,4,,uint16,0.0,1.356,0.0;0.0;0.0;0.0,3959.0;3440.0;3072.0;4739.0,864.6561889648438;933.981689453125;823.6629638671875;1623.3953857421875,data/thumbs/development-set_GC01PS03D0107.tif.jpg,ok,21.529,True,192.6179962158203;179.0850067138672;145.10800170898438;597.3330078125,1.052;1.052;1.052;1.052,2.629
development-set/GC01PS03D0108.jpg,development-set,2075,1422,4,,float32,,0.0,0.0;0.0;0.0;0.0,255.0;255.0;255.0;255.0,152.65159606933594;151.42739868164062;146.30580139160156;142.128173828125,data/thumbs/development-set_GC01PS03D0108.jpg.jpg,ok,2.036,True,56.270999908447266;54.25199890136719;53.632999420166016;49.856998443603516,1.281;1.286;1.266;1.553,5.077
development-set/GC01PS03D0108.tif,development-set,2075,1422,4,,uint16,0.0,1.375,0.0;0.0;0.0;0.0,3540.0;2899.0;2315.0;4612.0,1025.74951171875;1075.453369140625;1012.3536987304688;1673.0650634765625,data/thumbs/development-set_GC01PS03D0108.tif.jpg,ok,22.52,True,201.3159942626953;164.0050048828125;148.22500610351562;448.92401123046875,1.086;1.086;1.086;1.086,2.874
development-set/GC01PS03D0110.jpg,development-set,2075,1422,4,,float32,,0.0,0.0;0.0;0.0;0.0,255.0;255.0;255.0;255.0,156.82615661621094;151.0596466064453;158.49252319335938;134.45774841308594,data/thumbs/development-set_GC01PS03D0110.jpg.jpg,ok,1.966,True,58.17499923706055;54.32500076293945;55.21200180053711;48.987998962402344,1.387;1.367;1.335;1.609,7.536
development-set/GC01PS03D0110.tif,development-set,2075,1422,4,,uint16,0.0,1.375,0.0;0.0;0.0;0.0,4840.0;3821.0;5335.0;6167.0,1008.5252075195312;1062.2464599609375;1025.3848876953125;1649.0030517578125,data/thumbs/development-set_GC01PS03D0110.tif.jpg,ok,22.52,True,212.6280059814453;165.02499389648438;150.9759979248047;457.4429931640625,1.086;1.086;1.086;1.086,2.937
development-set/GC01PS03D0114.jpg,development-set,1656,1787,4,,float32,,0.0,0.0;0.0;0.0;0.0,255.0;255.0;255.0;255.0,156.8450469970703;167.29173278808594;159.39930725097656;101.16324615478516,data/thumbs/development-set_GC01PS03D0114.jpg.jpg,ok,1.52,True,66.30899810791016;64.9800033569336;63.33300018310547;65.9729995727539,1.567;1.458;1.54;1.462,8.476
development-set/GC01PS03D0114.tif,development-set,1656,1787,4,,uint16,0.0,1.529,0.0;0.0;0.0;0.0,3002.0;2699.0;2478.0;4691.0,658.4600830078125;748.6482543945312;583.9083862304688;1980.0792236328125,data/thumbs/development-set_GC01PS03D0114.tif.jpg,ok,22.588,True,181.6959991455078;174.55099487304688;150.7949981689453;655.9119873046875,1.189;1.189;1.189;1.189,7.079
development-set/GC01PS03D0120.jpg,development-set,1896,1481,4,,float32,,0.0,0.0;0.0;0.0;0.0,255.0;255.0;255.0;255.0,168.74395751953125;185.33580017089844;190.6165313720703;102.80593872070312,data/thumbs/development-set_GC01PS03D0120.jpg.jpg,ok,1.372,True,48.94200134277344;45.67399978637695;45.840999603271484;49.82400131225586,1.641;1.648;1.649;1.519,9.395
development-set/GC01PS03D0120.tif,development-set,1896,1481,4,,uint16,0.0,1.573,0.0;0.0;0.0;0.0,3714.0;3247.0;2852.0;4850.0,902.0978393554688;770.7946166992188;568.511474609375;1881.65966796875,data/thumbs/development-set_GC01PS03D0120.tif.jpg,ok,21.432,True,324.9119873046875;242.6739959716797;192.98699951171875;494.6820068359375,1.279;1.279;1.279;1.279,2.764
development-set/GC01PS03D0121.jpg,development-set,1896,1481,4,,float32,,0.0,0.0;0.0;0.0;0.0,255.0;255.0;255.0;255.0,139.31304931640625;159.33583068847656;166.09683227539062;93.76197814941406,data/thumbs/development-set_GC01PS03D0121.jpg.jpg,ok,1.481,True,51.04600143432617;47.375999450683594;49.244998931884766;48.75600051879883,1.641;1.637;1.625;1.457,5.333
development-set/GC01PS03D0121.tif,development-set,1896,1481,4,,uint16,0.0,1.573,0.0;0.0;0.0;0.0,4505.0;3728.0;3201.0;5010.0,1160.310302734375;826.2012939453125;570.5164794921875;2101.265869140625,data/thumbs/development-set_GC01PS03D0121.tif.jpg,ok,21.432,True,323.9179992675781;216.55999755859375;168.83799743652344;450.2179870605469,1.279;1.279;1.279;1.279,2.98
development-set/GC01PS03D0123.jpg,development-set,2338,1334,4,,float32,,0.0,0.0;0.0;0.0;0.0,255.0;255.0;255.0;255.0,155.27499389648438;147.16127014160156;153.71420288085938;73.88783264160156,data/thumbs/development-set_GC01PS03D0123.jpg.jpg,ok,1.139,True,45.393001556396484;42.236000061035156;43.65999984741211;42.09600067138672,1.602;1.638;1.617;1.476,2.474
development-set/GC01PS03D0123.tif,development-set,2338,1334,4,,uint16,0.0,2.475,0.0;0.0;0.0;0.0,3579.0;3218.0;2724.0;3981.0,825.84228515625;766.56982421875;566.3641967773438;1846.9764404296875,data/thumbs/development-set_GC01PS03D0123.tif.jpg,ok,23.803,True,390.1310119628906;317.5780029296875;261.4949951171875;416.5539855957031,2.101;2.101;2.101;2.101,3.712
development-set/GC01PS03D0124.jpg,development-set,2338,1334,4,,float32,,0.0,0.0;0.0;0.0;0.0,255.0;255.0;255.0;255.0,103.15509796142578;100.58995819091797;104.14726257324219;61.753318786621094,data/thumbs/development-set_GC01PS03D0124.jpg.jpg,ok,1.052,True,38.86800003051758;36.39400100708008;36.691001892089844;37.84199905395508,1.626;1.638;1.662;1.481,2.474
development-set/GC01PS03D0124.tif,development-set,2338,1334,4,,uint16,0.0,2.475,0.0;0.0;0.0;0.0,4312.0;3818.0;3295.0;5086.0,1340.969970703125;1126.567138671875;891.8762817382812;2339.13916015625,data/thumbs/development-set_GC01PS03D0124.tif.jpg,ok,23.803,True,354.01300048828125;277.4309997558594;229.11300659179688;440.6520080566406,2.101;2.101;2.101;2.101,4.884
development-set/GC01PS03D0125.jpg,development-set,2338,1334,4,,float32,,0.0,0.0;0.0;0.0;0.0,255.0;255.0;255.0;255.0,155.2424774169922;148.1122283935547;157.04286193847656;77.0462646484375,data/thumbs/development-set_GC01PS03D0125.jpg.jpg,ok,1.508,True,49.770999908447266;44.40399932861328;46.00899887084961;43.18000030517578,1.518;1.516;1.522;1.423,2.529
development-set/GC01PS03D0125.tif,development-set,2338,1334,4,,uint16,0.0,2.53,0.0;0.0;0.0;0.0,3939.0;3709.0;3491.0;4785.0,788.2666015625;707.3860473632812;504.6343994140625;1987.1630859375,data/thumbs/development-set_GC01PS03D0125.tif.jpg,ok,23.803,True,404.9389953613281;309.9540100097656;255.21099853515625;463.20098876953125,2.155;2.155;2.155;2.155,3.936
development-set/GC01PS03D0126.jpg,development-set,2146,1472,4,,float32,,0.0,0.0;0.0;0.0;0.0,255.0;255.0;255.0;255.0,182.53895568847656;196.66064453125;201.28550720214844;93.43035888671875,data/thumbs/development-set_GC01PS03D0126.jpg.jpg,ok,1.554,True,46.45000076293945;43.26300048828125;43.67100143432617;47.125,1.662;1.677;1.667;1.457,16.282
development-set/GC01PS03D0126.tif,development-set,2146,1472,4,,uint16,0.0,0.939,0.0;0.0;0.0;0.0,3865.0;3558.0;3228.0;4543.0,1114.0501708984375;1008.7018432617188;798.3367919921875;2244.73974609375,data/thumbs/development-set_GC01PS03D0126.tif.jpg,ok,24.109,True,320.62799072265625;262.8370056152344;233.54600524902344;370.0710144042969,0.695;0.695;0.695;0.695,2.386
development-set/GC01PS03D0127.jpg,development-set,2146,1472,4,,float32,,0.0,0.0;0.0;0.0;0.0,255.0;255.0;255.0;255.0,217.21908569335938;209.2230987548828;223.46817016601562;87.68023681640625,data/thumbs/development-set_GC01PS03D0127.jpg.jpg,ok,1.399,True,47.17599868774414;43.62900161743164;45.56800079345703;54.51900100708008,1.651;1.639;1.628;1.397,41.569
development-set/GC01PS03D0127.tif,development-set,2146,1472,4,,uint16,0.0,0.939,0.0;0.0;0.0;0.0,5539.0;5049.0;4453.0;6316.0,648.4273071289062;807.2214965820312;542.1228637695312;3101.786376953125,data/thumbs/development-set_GC01PS03D0127.tif.jpg,ok,24.109,True,431.10699462890625;345.5429992675781;303.3890075683594;724.2490234375,0.695;0.695;0.695;0.695,2.426
development-set/GC01PS03D0128.jpg,development-set,2146,1472,4,,float32,,0.0,0.0;0.0;0.0;0.0,255.0;255.0;255.0;255.0,190.3177032470703;204.66305541992188;209.91839599609375;90.77037811279297,data/thumbs/development-set_GC01PS03D0128.jpg.jpg,ok,1.619,True,50.025001525878906;46.43299865722656;46.67300033569336;47.14099884033203,1.652;1.652;1.641;1.403,24.754
development-set/GC01PS03D0128.tif,development-set,2146,1472,4,,uint16,0.0,0.939,0.0;0.0;0.0;0.0,4051.0;3612.0;3287.0;5978.0,864.259521484375;811.5194702148438;658.5033569335938;2557.6005859375,data/thumbs/development-set_GC01PS03D0128.tif.jpg,ok,24.109,True,390.7640075683594;303.2309875488281;264.0989990234375;508.2919921875,0.695;0.695;0.695;0.695,2.605
development-set/GC01PS03D0130.jpg,development-set,2058,1467,4,,float32,,0.0,0.0;0.0;0.0;0.0,255.0;255.0;255.0;255.0,141.21249389648438;149.21417236328125;138.16921997070312;105.2888412475586,data/thumbs/development-set_GC01PS03D0130.jpg.jpg,ok,2.064,True,64.35600280761719;61.262001037597656;59.59600067138672;52.1870002746582,1.476;1.493;1.496;1.265,6.97
development-set/GC01PS03D0130.tif,development-set,2058,1467,4,,uint16,0.0,0.979,0.0;0.0;0.0;0.0,2707.0;2353.0;1672.0;3935.0,1746.7164306640625;1577.860595703125;1181.9935302734375;3056.32421875,data/thumbs/development-set_GC01PS03D0130.tif.jpg,ok,23.042,True,273.8139953613281;198.68800354003906;134.43499755859375;319.9110107421875,0.745;0.745;0.745;0.745,3.93
development-set/GC01PS03D0131.jpg,development-set,2058,1467,4,,float32,,0.0,0.0;0.0;0.0;0.0,255.0;255.0;255.0;255.0,174.9438018798828;172.50038146972656;178.50543212890625;99.82441711425781,data/thumbs/development-set_GC01PS03D0131.jpg.jpg,ok,1.912,True,60.45100021362305;55.797000885009766;57.94599914550781;51.90700149536133,1.318;1.296;1.243;1.247,14.96
development-set/GC01PS03D0131.tif,development-set,2058,1467,4,,uint16,0.0,0.979,0.0;0.0;0.0;0.0,9774.0;6897.0;5843.0;9776.0,864.3967895507812;871.941650390625;566.1790161132812;3010.312255859375,data/thumbs/development-set_GC01PS03D0131.tif.jpg,ok,23.042,True,382.84600830078125;266.2510070800781;190.98399353027344;541.1649780273438,0.745;0.745;0.745;0.745,2.771
development-set/GC01PS03D0132.jpg,development-set,2058,1467,4,,float32,,0.0,0.0;0.0;0.0;0.0,255.0;255.0;255.0;255.0,164.22653198242188;154.99148559570312;159.06668090820312;142.6263885498047,data/thumbs/development-set_GC01PS03D0132.jpg.jpg,ok,2.043,True,59.862998962402344;54.61000061035156;58.18600082397461;52.9739990234375,1.348;1.345;1.264;1.334,7.831
development-set/GC01PS03D0132.tif,development-set,2058,1467,4,,uint16,0.0,0.979,0.0;0.0;0.0;0.0,2842.0;2314.0;1871.0;5016.0,1033.497802734375;1009.4070434570312;673.141845703125;2663.96875,data/thumbs/development-set_GC01PS03D0132.tif.jpg,ok,23.042,True,346.135986328125;224.5800018310547;158.62399291992188;533.1599731445312,0.745;0.745;0.745;0.745,3.143
development-set/GC01PS03D0133.jpg,development-set,1850,1462,4,,float32,,0.0,0.0;0.0;0.0;0.0,255.0;255.0;255.0;255.0,125.33536529541016;126.86109924316406;131.24668884277344;71.8309326171875,data/thumbs/development-set_GC01PS03D0133.jpg.jpg,ok,1.596,True,56.875;53.79600143432617;54.630001068115234;45.124000549316406,1.405;1.381;1.328;1.369,3.552
development-set/GC01PS03D0133.tif,development-set,1850,1462,4,,uint16,0.0,1.701,0.0;0.0;0.0;0.0,3177.0;2614.0;1984.0;4459.0,1465.546630859375;1161.07275390625;704.4376831054688;2817.488037109375,data/thumbs/development-set_GC01PS03D0133.tif.jpg,ok,20.644,True,383.1730041503906;255.46499633789062;167.49200439453125;477.8699951171875,1.386;1.386;1.386;1.386,3.872
development-set/GC01PS03D0135.jpg,development-set,1850,1462,4,,float32,,0.0,0.0;0.0;0.0;0.0,255.0;255.0;255.0;255.0,182.70138549804688;175.37998962402344;181.96156311035156;77.60762786865234,data/thumbs/development-set_GC01PS03D0135.jpg.jpg,ok,1.46,True,57.529998779296875;53.77299880981445;52.4370002746582;49.970001220703125,1.443;1.457;1.487;1.488,15.76
development-set/GC01PS03D0135.tif,development-set,1850,1462,4,,uint16,0.0,1.701,0.0;0.0;0.0;0.0,4837.0;4914.0;4800.0;6631.0,709.2703857421875;866.787109375;635.880615234375;3663.434814453125,data/thumbs/development-set_GC01PS03D0135.tif.jpg,ok,20.644,True,363.02301025390625;301.739013671875;251.07200622558594;750.5780029296875,1.386;1.386;1.386;1.386,2.592
development-set/GC01PS03D0137.jpg,development-set,2186,1753,4,,float32,,0.0,0.0;0.0;0.0;0.0,255.0;255.0;255.0;255.0,40.76655960083008;42.78512191772461;49.53564453125;40.540061950683594,data/thumbs/development-set_GC01PS03D0137.jpg.jpg,ok,0.871,True,42.96699905395508;41.07500076293945;37.90700149536133;43.62699890136719,1.835;1.879;1.814;1.806,2.774
development-set/GC01PS03D0137.tif,development-set,2186,1753,4,,uint16,0.0,2.777,0.0;0.0;0.0;0.0,3937.0;3155.0;2385.0;4777.0,2914.0458984375;2296.832763671875;1594.9703369140625;3499.933837890625,data/thumbs/development-set_GC01PS03D0137.tif.jpg,ok,29.246,True,556.708984375;421.92401123046875;279.4849853515625;679.176025390625,2.394;2.394;2.394;2.394,23.264
development-set/GC01PS03D0138.jpg,development-set,1866,1615,4,,float32,,0.0,0.0;0.0;0.0;0.0,255.0;255.0;255.0;255.0,132.8124237060547;97.343017578125;101.76217651367188;74.87901306152344,data/thumbs/development-set_GC01PS03D0138.jpg.jpg,ok,1.374,True,52.8489990234375;46.21500015258789;47.36800003051758;49.8650016784668,1.383;1.369;1.234;1.415,4.423
development-set/GC01PS03D0138.tif,development-set,1866,1615,4,,uint16,0.0,4.423,0.0;0.0;0.0;0.0,2378.0;2034.0;1878.0;5062.0,834.3681030273438;887.1408081054688;596.001708984375;3019.4560546875,data/thumbs/development-set_GC01PS03D0138.tif.jpg,ok,23.001,True,357.18701171875;254.90699768066406;181.18099975585938;810.864013671875,4.041;4.041;4.041;4.041,5.432
development-set/GC01PS03D0139.jpg,development-set,1866,1615,4,,float32,,0.0,0.0;0.0;0.0;0.0,255.0;255.0;255.0;255.0,113.97390747070312;88.04820251464844;94.6855697631836;59.08721923828125,data/thumbs/development-set_GC01PS03D0139.jpg.jpg,ok,1.313,True,51.071998596191406;46.66899871826172;47.77199935913086;47.042999267578125,1.418;1.381;1.281;1.423,4.422
development-set/GC01PS03D0139.tif,development-set,1866,1615,4,,uint16,0.0,4.423,0.0;0.0;0.0;0.0,2626.0;2131.0;1766.0;5000.0,1132.93408203125;1069.6937255859375;690.992919921875;3186.490234375,data/thumbs/development-set_GC01PS03D0139.tif.jpg,ok,23.001,True,402.7720031738281;291.8349914550781;201.447998046875;738.35302734375,4.041;4.041;4.041;4.041,6.421
development-set/GC01PS03D0140.jpg,development-set,1866,1615,4,,float32,,0.0,0.0;0.0;0.0;0.0,255.0;255.0;255.0;255.0,137.7570037841797;101.5768051147461;104.7884521484375;49.222991943359375,data/thumbs/development-set_GC01PS03D0140.jpg.jpg,ok,1.284,True,49.8849983215332;44.52399826049805;45.21699905395508;48.1609992980957,1.344;1.309;1.309;1.388,4.423
development-set/GC01PS03D0140.tif,development-set,1866,1615,4,,uint16,0.0,4.423,0.0;0.0;0.0;0.0,3045.0;2996.0;1892.0;5346.0,711.4227905273438;828.0740966796875;566.4906005859375;3531.31982421875,data/thumbs/development-set_GC01PS03D0140.tif.jpg,ok,23.001,True,305.02398681640625;238.4040069580078;168.91200256347656;795.9879760742188,4.041;4.041;4.041;4.041,4.779
development-set/GC01PS03D0144.jpg,development-set,1832,1885,4,,float32,,0.0,0.0;0.0;0.0;0.0,255.0;255.0;255.0;255.0,161.42852783203125;151.9983673095703;168.3640899658203;130.12271118164062,data/thumbs/development-set_GC01PS03D0144.jpg.jpg,ok,2.447,True,57.88999938964844;53.10100173950195;56.04999923706055;50.340999603271484,1.419;1.301;1.245;1.277,5.181
development-set/GC01PS03D0144.tif,development-set,1832,1885,4,,uint16,0.0,1.26,0.0;0.0;0.0;0.0,3953.0;3746.0;3453.0;4928.0,858.8650512695312;827.0118408203125;545.5764770507812;2255.9248046875,data/thumbs/development-set_GC01PS03D0144.tif.jpg,ok,26.358,True,254.99899291992188;172.36399841308594;145.4429931640625;410.2080078125,0.969;0.969;0.969;0.969,3.014
development-set/GC01PS03D0146.jpg,development-set,1832,1885,4,,float32,,0.0,0.0;0.0;0.0;0.0,255.0;255.0;255.0;255.0,168.65814208984375;170.98406982421875;180.3374786376953;130.9100341796875,data/thumbs/development-set_GC01PS03D0146.jpg.jpg,ok,1.965,True,58.08000183105469;52.222999572753906;52.73899841308594;57.534000396728516,1.424;1.252;1.208;1.361,6.661
development-set/GC01PS03D0146.tif,development-set,1832,1885,4,,uint16,0.0,1.26,0.0;0.0;0.0;0.0,4187.0;3900.0;3263.0;5760.0,1110.9825439453125;1076.887451171875;676.9744873046875;3150.3359375,data/thumbs/development-set_GC01PS03D0146.tif.jpg,ok,26.358,True,348.4169921875;228.73599243164062;189.56300354003906;569.1439819335938,0.969;0.969;0.969;0.969,3.172
development-set/GC01PS03D0147.jpg,development-set,1843,1696,4,,float32,,0.0,0.0;0.0;0.0;0.0,255.0;255.0;255.0;255.0,161.8352508544922;113.74674224853516;138.21583557128906;66.63291931152344,data/thumbs/development-set_GC01PS03D0147.jpg.jpg,ok,1.229,True,47.35200119018555;44.25400161743164;44.00699996948242;51.36600112915039,1.426;1.478;1.312;1.535,4.135
development-set/GC01PS03D0147.tif,development-set,1843,1696,4,,uint16,0.0,4.16,0.0;0.0;0.0;0.0,2707.0;2800.0;2569.0;5869.0,481.57781982421875;660.6245727539062;368.76849365234375;3483.54052734375,data/thumbs/development-set_GC01PS03D0147.tif.jpg,ok,23.857,True,257.46099853515625;213.302001953125;147.0070037841797;923.3619995117188,3.765;3.765;3.765;3.765,3.29
development-set/GC01PS03D0148.jpg,development-set,1843,1696,4,,float32,,0.0,0.0;0.0;0.0;0.0,255.0;255.0;255.0;255.0,113.33187103271484;89.03889465332031;88.72791290283203;70.00591278076172,data/thumbs/development-set_GC01PS03D0148.jpg.jpg,ok,1.288,True,49.733001708984375;44.52899932861328;45.75400161743164;49.28300094604492,1.466;1.442;1.393;1.548,4.135
development-set/GC01PS03D0148.tif,development-set,1843,1696,4,,uint16,0.0,4.16,0.0;0.0;0.0;0.0,2673.0;2461.0;1911.0;5268.0,1005.1312255859375;969.4373779296875;661.3114624023438;2881.09765625,data/thumbs/development-set_GC01PS03D0148.tif.jpg,ok,23.857,True,349.4580078125;255.34300231933594;178.5749969482422;748.2839965820312,3.765;3.765;3.765;3.765,5.514
development-set/GC01PS03D0149.jpg,development-set,1843,1696,4,,float32,,0.0,0.0;0.0;0.0;0.0,255.0;255.0;255.0;255.0,154.58984375;113.33365631103516;111.02466583251953;82.59502410888672,data/thumbs/development-set_GC01PS03D0149.jpg.jpg,ok,1.343,True,49.46799850463867;43.08000183105469;44.73699951171875;50.39500045776367,1.446;1.467;1.418;1.404,4.135
development-set/GC01PS03D0149.tif,development-set,1843,1696,4,,uint16,0.0,4.16,0.0;0.0;0.0;0.0,2698.0;2341.0;2004.0;5781.0,734.3109741210938;841.3193359375;630.5156860351562;2745.068603515625,data/thumbs/development-set_GC01PS03D0149.tif.jpg,ok,23.857,True,363.8810119628906;255.677001953125;194.80099487304688;784.4400024414062,3.765;3.765;3.765;3.765,3.708
development-set/GC01PS03D0155.jpg,development-set,3400,2377,4,,float32,,0.0,0.0;0.0;0.0;0.0,255.0;255.0;255.0;255.0,104.81636810302734;81.87210083007812;83.77107238769531;69.38923645019531,data/thumbs/development-set_GC01PS03D0155.jpg.jpg,ok,3.173,True,51.323001861572266;46.3489990234375;46.80099868774414;51.5989990234375,1.574;1.477;1.41;1.549,2.989
development-set/GC01PS03D0155.tif,development-set,3400,2377,4,,uint16,0.0,2.992,0.0;0.0;0.0;0.0,3117.0;2382.0;2081.0;5106.0,1342.0419921875;1035.663330078125;674.1731567382812;2870.1396484375,data/thumbs/development-set_GC01PS03D0155.tif.jpg,ok,61.673,True,452.6180114746094;269.01300048828125;181.5279998779297;777.2059936523438,2.612;2.612;2.612;2.612,5.387
development-set/GC01PS03D0156.jpg,development-set,3745,6471,4,,float32,,0.0,0.0;0.0;0.0;0.0,255.0;255.0;255.0;255.0,163.04298400878906;141.82244873046875;147.2288055419922;107.55191040039062,data/thumbs/development-set_GC01PS03D0156.jpg.jpg,ok,9.3,True,65.03299713134766;68.46700286865234;66.74800109863281;80.33499908447266,1.699;1.731;1.712;1.522,25.081
development-set/GC01PS03D0156.tif,development-set,3745,6471,4,,uint16,0.0,25.079,0.0;0.0;0.0;0.0,3835.0;3327.0;2584.0;5224.0,914.8238525390625;900.7290649414062;674.82568359375;2135.774169921875,data/thumbs/development-set_GC01PS03D0156.tif.jpg,ok,184.927,True,621.7969970703125;570.0549926757812;436.2659912109375;1328.501953125,24.717;24.717;24.717;24.717,3.24
development-set/GC01PS03D0157.jpg,development-set,3747,6775,4,,float32,,0.0,0.0;0.0;0.0;0.0,255.0;255.0;255.0;255.0,153.46945190429688;147.45181274414062;155.66307067871094;119.86701202392578,data/thumbs/development-set_GC01PS03D0157.jpg.jpg,ok,8.017,True,70.28199768066406;67.54900360107422;66.15499877929688;88.06800079345703,1.852;1.846;1.82;1.646,26.376
development-set/GC01PS03D0157.tif,development-set,3747,6775,4,,uint16,0.0,26.38,0.0;0.0;0.0;0.0,5738.0;5516.0;5215.0;6658.0,1142.386962890625;1056.2059326171875;790.1763305664062;2279.925048828125,data/thumbs/development-set_GC01PS03D0157.tif.jpg,ok,193.718,True,814.5449829101562;713.5020141601562;557.9169921875;1525.7349853515625,26.033;26.033;26.033;26.033,3.165
development-set/GC01PS03D0161.jpg,development-set,1731,1638,4,,float32,,0.0,0.0;0.0;0.0;0.0,255.0;255.0;255.0;255.0,174.57394409179688;163.86062622070312;169.1091766357422;105.80776977539062,data/thumbs/development-set_GC01PS03D0161.jpg.jpg,ok,1.704,True,64.85099792480469;58.29199981689453;62.731998443603516;59.44200134277344,1.232;1.212;1.192;1.298,17.937
development-set/GC01PS03D0161.tif,development-set,1731,1638,4,,uint16,0.0,1.446,0.0;0.0;0.0;0.0,3830.0;3390.0;2787.0;6194.0,697.5224609375;764.782958984375;493.7892761230469;3454.770263671875,data/thumbs/development-set_GC01PS03D0161.tif.jpg,ok,17.77,True,370.56201171875;246.45599365234375;228.2169952392578;809.0280151367188,1.051;1.051;1.051;1.051,2.973
development-set/GC01PS03D0162.jpg,development-set,1731,1638,4,,float32,,0.0,0.0;0.0;0.0;0.0,255.0;255.0;255.0;255.0,152.2600860595703;157.75958251953125;151.07766723632812;111.9336929321289,data/thumbs/development-set_GC01PS03D0162.jpg.jpg,ok,1.832,True,64.09100341796875;62.62699890136719;63.3390007019043;46.15700149536133,1.33;1.211;1.205;1.399,14.378
development-set/GC01PS03D0162.tif,development-set,1731,1638,4,,uint16,0.0,1.446,0.0;0.0;0.0;0.0,4376.0;3514.0;2673.0;5893.0,1138.6051025390625;957.63720703125;611.18701171875;2996.908935546875,data/thumbs/development-set_GC01PS03D0162.tif.jpg,ok,16.065,True,351.35198974609375;224.3820037841797;173.43600463867188;457.8680114746094,1.051;1.051;1.051;1.051,3.255
development-set/GC01PS03D0163.jpg,development-set,1689,1664,4,,float32,,0.0,0.0;0.0;0.0;0.0,255.0;255.0;255.0;255.0,176.4955291748047;165.1439971923828;178.82896423339844;147.31118774414062,data/thumbs/development-set_GC01PS03D0163.jpg.jpg,ok,1.719,True,63.439998626708984;58.6619987487793;62.02199935913086;60.03099822998047,1.268;1.265;1.183;1.35,17.429
development-set/GC01PS03D0163.tif,development-set,1689,1664,4,,uint16,0.0,0.913,0.0;0.0;0.0;0.0,4721.0;4272.0;3797.0;6153.0,644.6901245117188;666.3043823242188;385.5147705078125;2560.107666015625,data/thumbs/development-set_GC01PS03D0163.tif.jpg,ok,18.775,True,403.67999267578125;298.0360107421875;243.08099365234375;876.1890258789062,0.52;0.52;0.52;0.52,3.2
development-set/GC01PS03D0164.jpg,development-set,2021,1674,4,,float32,,0.0,0.0;0.0;0.0;0.0,255.0;255.0;255.0;255.0,171.40977478027344;160.5863800048828;174.80572509765625;136.2740020751953,data/thumbs/development-set_GC01PS03D0164.jpg.jpg,ok,1.908,True,63.35599899291992;58.207000732421875;61.768001556396484;53.35300064086914,1.364;1.364;1.291;1.372,14.86
development-set/GC01PS03D0164.tif,development-set,2021,1674,4,,uint16,0.0,1.201,0.0;0.0;0.0;0.0,5825.0;5529.0;5279.0;6842.0,762.7477416992188;771.4520874023438;490.89459228515625;2570.395263671875,data/thumbs/development-set_GC01PS03D0164.tif.jpg,ok,23.083,True,492.9230041503906;374.74200439453125;308.28399658203125;905.2559814453125,0.846;0.846;0.846;0.846,3.355
development-set/GC01PS03D0165.jpg,development-set,2206,1618,4,,float32,,0.0,0.0;0.0;0.0;0.0,255.0;255.0;255.0;255.0,100.94356536865234;93.51918029785156;91.6047592163086;74.1759033203125,data/thumbs/development-set_GC01PS03D0165.jpg.jpg,ok,1.312,True,43.64899826049805;40.676998138427734;40.926998138427734;51.209999084472656,1.566;1.609;1.494;1.438,3.135
development-set/GC01PS03D0165.tif,development-set,2206,1618,4,,uint16,0.0,3.12,0.0;0.0;0.0;0.0,2727.0;2362.0;2232.0;3421.0,965.5192260742188;822.2259521484375;695.0101928710938;1763.3900146484375,data/thumbs/development-set_GC01PS03D0165.tif.jpg,ok,19.283,True,270.8659973144531;204.95799255371094;172.5;487.71099853515625,2.757;2.757;2.757;2.757,5.751
development-set/GC01PS03D0166.jpg,development-set,2108,1852,4,,float32,,0.0,0.0;0.0;0.0;0.0,255.0;255.0;255.0;255.0,93.74606323242188;97.44923400878906;98.45812225341797;109.45591735839844,data/thumbs/development-set_GC01PS03D0166.jpg.jpg,ok,1.209,True,41.48099899291992;37.46200180053711;37.53099822998047;64.02100372314453,1.726;1.791;1.727;1.439,3.09
development-set/GC01PS03D0166.tif,development-set,2108,1852,4,,uint16,0.0,3.081,0.0;0.0;0.0;0.0,4274.0;3755.0;3018.0;4201.0,1157.915283203125;980.558837890625;715.5015258789062;1380.1507568359375,data/thumbs/development-set_GC01PS03D0166.tif.jpg,ok,20.139,True,332.88299560546875;277.31201171875;209.31300354003906;604.2269897460938,2.703;2.703;2.703;2.703,3.208
development-set/GC01PS03D0167.jpg,development-set,2240,1296,4,,float32,,0.0,0.0;0.0;0.0;0.0,255.0;255.0;255.0;255.0,140.7092742919922;145.3604736328125;146.58380126953125;97.2519302368164,data/thumbs/development-set_GC01PS03D0167.jpg.jpg,ok,0.847,True,41.66999816894531;37.76100158691406;38.125;70.62100219726562,1.665;1.68;1.645;1.434,3.574
development-set/GC01PS03D0167.tif,development-set,2240,1296,4,,uint16,0.0,3.575,0.0;0.0;0.0;0.0,5000.0;4510.0;3914.0;4948.0,1136.39306640625;988.91357421875;727.7728271484375;1522.4354248046875,data/thumbs/development-set_GC01PS03D0167.tif.jpg,ok,16.142,True,442.7550048828125;371.4169921875;284.906005859375;677.5159912109375,3.19;3.19;3.19;3.19,2.651
development-set/GC01PS03D0168.jpg,development-set,1448,2182,4,,float32,,0.0,0.0;0.0;0.0;0.0,255.0;255.0;255.0;255.0,160.57408142089844;164.07821655273438;167.6759490966797;119.75035095214844,data/thumbs/development-set_GC01PS03D0168.jpg.jpg,ok,0.938,True,47.534000396728516;44.56100082397461;44.1870002746582;74.40899658203125,1.473;1.468;1.434;1.474,3.427
development-set/GC01PS03D0168.tif,development-set,1448,2182,4,,uint16,0.0,3.412,0.0;0.0;0.0;0.0,4689.0;4382.0;3830.0;4944.0,1125.6383056640625;1028.9007568359375;771.7869262695312;1283.101318359375,data/thumbs/development-set_GC01PS03D0168.tif.jpg,ok,18.496,True,579.5540161132812;516.3330078125;405.9219970703125;703.3519897460938,3.043;3.043;3.043;3.043,3.337
development-set/GC01PS03D0169.jpg,development-set,1142,2676,4,,float32,,0.0,0.0;0.0;0.0;0.0,255.0;255.0;255.0;255.0,161.72694396972656;165.6066436767578;172.71429443359375;118.7662582397461,data/thumbs/development-set_GC01PS03D0169.jpg.jpg,ok,0.833,True,43.30799865722656;41.189998626708984;40.98099899291992;69.10900115966797,1.551;1.579;1.544;1.517,4.292
development-set/GC01PS03D0169.tif,development-set,1142,2676,4,,uint16,0.0,4.279,0.0;0.0;0.0;0.0,4357.0;4085.0;3556.0;5071.0,1124.45751953125;987.10888671875;759.5028686523438;1431.7618408203125,data/thumbs/development-set_GC01PS03D0169.tif.jpg,ok,17.723,True,543.5679931640625;473.2699890136719;402.2099914550781;731.7899780273438,3.922;3.922;3.922;3.922,2.833
development-set/GC01PS03D0170.jpg,development-set,2226,1545,4,,float32,,0.0,0.0;0.0;0.0;0.0,255.0;255.0;255.0;255.0,120.215576171875;61.8875732421875;116.59587860107422;81.4468765258789,data/thumbs/development-set_GC01PS03D0170.jpg.jpg,ok,1.555,True,44.308998107910156;40.0989990234375;38.46799850463867;50.262001037597656,1.393;1.374;1.39;1.607,2.823
development-set/GC01PS03D0170.tif,development-set,2226,1545,4,,uint16,0.0,2.83,0.0;0.0;0.0;0.0,2654.0;2443.0;2357.0;5316.0,564.6768798828125;723.0877075195312;413.05133056640625;3185.92626953125,data/thumbs/development-set_GC01PS03D0170.tif.jpg,ok,19.486,True,189.3260040283203;146.24000549316406;116.78099822998047;893.583984375,2.385;2.385;2.385;2.385,3.254
development-set/GC01PS03D0171.jpg,development-set,2119,1631,4,,float32,,0.0,0.0;0.0;0.0;0.0,255.0;255.0;255.0;255.0,92.2063217163086;75.21484375;73.0763931274414;82.1669692993164,data/thumbs/development-set_GC01PS03D0171.jpg.jpg,ok,1.37,True,45.09199905395508;40.21900177001953;40.446998596191406;48.064998626708984,1.514;1.529;1.458;1.556,3.022
development-set/GC01PS03D0171.tif,development-set,2119,1631,4,,uint16,0.0,3.018,0.0;0.0;0.0;0.0,4342.0;3701.0;3138.0;5319.0,1008.4343872070312;912.2883911132812;731.0704345703125;2161.5263671875,data/thumbs/development-set_GC01PS03D0171.tif.jpg,ok,19.774,True,276.5220031738281;201.1529998779297;160.35000610351562;588.0869750976562,2.632;2.632;2.632;2.632,6.186
development-set/GC01PS03D0172.jpg,development-set,2119,1631,4,,float32,,0.0,0.0;0.0;0.0;0.0,255.0;255.0;255.0;255.0,101.18569946289062;88.37168884277344;102.85568237304688;100.50740051269531,data/thumbs/development-set_GC01PS03D0172.jpg.jpg,ok,1.794,True,44.645999908447266;39.619998931884766;41.13199996948242;42.51900100708008,1.329;1.324;1.287;1.565,3.022
development-set/GC01PS03D0172.tif,development-set,2119,1631,4,,uint16,0.0,3.018,0.0;0.0;0.0;0.0,3969.0;3707.0;3179.0;5104.0,863.3582763671875;769.9314575195312;490.0706787109375;2144.137939453125,data/thumbs/development-set_GC01PS03D0172.tif.jpg,ok,20.292,True,259.7669982910156;192.95899963378906;157.26400756835938;586.1170043945312,2.632;2.632;2.632;2.632,4.136
development-set/GC01PS03D0173.jpg,development-set,1577,1808,4,,float32,,0.0,0.0;0.0;0.0;0.0,255.0;255.0;255.0;255.0,146.51332092285156;152.20079040527344;151.3821258544922;102.71318054199219,data/thumbs/development-set_GC01PS03D0173.jpg.jpg,ok,1.368,True,74.41100311279297;70.60900115966797;71.87200164794922;55.819000244140625,1.486;1.454;1.413;1.639,16.302
development-set/GC01PS03D0173.tif,development-set,1577,1808,4,,uint16,0.0,1.048,0.0;0.0;0.0;0.0,4954.0;4115.0;2820.0;5922.0,1509.399658203125;1286.851318359375;919.79833984375;2741.35595703125,data/thumbs/development-set_GC01PS03D0173.tif.jpg,ok,18.999,True,743.7520141601562;521.4650268554688;392.5849914550781;811.5339965820312,0.624;0.624;0.624;0.624,5.183
development-set/GC01PS03D0174.jpg,development-set,2322,1503,4,,float32,,0.0,0.0;0.0;0.0;0.0,255.0;255.0;255.0;255.0,167.2344512939453;168.41268920898438;172.54258728027344;94.1797866821289,data/thumbs/development-set_GC01PS03D0174.jpg.jpg,ok,1.718,True,66.05999755859375;60.202999114990234;63.37699890136719;54.132999420166016,1.509;1.536;1.525;1.446,17.897
development-set/GC01PS03D0174.tif,development-set,2322,1503,4,,uint16,0.0,1.175,0.0;0.0;0.0;0.0,5186.0;4202.0;2754.0;5827.0,1420.5203857421875;1253.51904296875;855.2459716796875;2890.306640625,data/thumbs/development-set_GC01PS03D0174.tif.jpg,ok,24.314,True,792.8090209960938;590.2860107421875;414.8370056152344;780.135986328125,0.871;0.871;0.871;0.871,3.578
development-set/GC01PS03D0175.jpg,development-set,1826,1554,4,,float32,,0.0,0.0;0.0;0.0;0.0,255.0;255.0;255.0;255.0,143.12667846679688;143.9044189453125;155.64073181152344;108.07949829101562,data/thumbs/development-set_GC01PS03D0175.jpg.jpg,ok,1.244,True,69.16799926757812;63.9010009765625;65.21700286865234;56.244998931884766,1.618;1.604;1.588;1.583,10.188
development-set/GC01PS03D0175.tif,development-set,1826,1554,4,,uint16,0.0,1.052,0.0;0.0;0.0;0.0,5266.0;4320.0;3306.0;6209.0,2037.97216796875;1583.660400390625;1111.2286376953125;2946.72705078125,data/thumbs/development-set_GC01PS03D0175.tif.jpg,ok,19.922,True,945.7550048828125;675.7009887695312;514.0570068359375;912.3779907226562,0.614;0.614;0.614;0.614,4.71
development-set/GC01PS03D0176.jpg,development-set,3021,1125,4,,float32,,0.0,0.0;0.0;0.0;0.0,255.0;255.0;255.0;255.0,191.86634826660156;185.890625;196.4053955078125;96.02297973632812,data/thumbs/development-set_GC01PS03D0176.jpg.jpg,ok,1.398,True,63.83300018310547;57.917999267578125;60.801998138427734;58.09700012207031,1.607;1.581;1.551;1.564,31.208
development-set/GC01PS03D0176.tif,development-set,3021,1125,4,,uint16,0.0,1.615,0.0;0.0;0.0;0.0,4785.0;3886.0;3158.0;6134.0,1134.7303466796875;1036.4871826171875;712.0528564453125;3021.891845703125,data/thumbs/development-set_GC01PS03D0176.tif.jpg,ok,22.421,True,832.791015625;569.77197265625;484.3039855957031;931.6489868164062,1.253;1.253;1.253;1.253,3.388
development-set/GC01PS03D0177.jpg,development-set,2172,1299,4,,float32,,0.0,0.0;0.0;0.0;0.0,255.0;255.0;255.0;255.0,196.32455444335938;188.98118591308594;194.3252410888672;98.343994140625,data/thumbs/development-set_GC01PS03D0177.jpg.jpg,ok,1.289,True,55.731998443603516;51.60499954223633;54.604000091552734;58.09600067138672,1.724;1.705;1.651;1.429,25.647
development-set/GC01PS03D0177.tif,development-set,2172,1299,4,,uint16,0.0,1.188,0.0;0.0;0.0;0.0,5498.0;4121.0;4020.0;5496.0,929.952392578125;893.2314453125;611.8118896484375;2878.578857421875,data/thumbs/development-set_GC01PS03D0177.tif.jpg,ok,18.506,True,634.0280151367188;430.56201171875;346.3179931640625;864.4210205078125,0.828;0.828;0.828;0.828,2.516
development-set/GC01PS03D0178.jpg,development-set,2449,1392,4,,float32,,0.0,0.0;0.0;0.0;0.0,255.0;255.0;255.0;255.0,175.16079711914062;167.12039184570312;172.68304443359375;110.67304992675781,data/thumbs/development-set_GC01PS03D0178.jpg.jpg,ok,2.233,True,64.34400177001953;60.51300048828125;61.10599899291992;56.92399978637695,1.465;1.264;1.283;1.266,17.92
development-set/GC01PS03D0178.tif,development-set,2449,1392,4,,uint16,0.0,1.11,0.0;0.0;0.0;0.0,3991.0;3904.0;3133.0;6091.0,943.6552124023438;844.0631713867188;468.53851318359375;3423.755859375,data/thumbs/development-set_GC01PS03D0178.tif.jpg,ok,21.585,True,472.3890075683594;264.46099853515625;202.33700561523438;557.218994140625,0.841;0.841;0.841;0.841,2.712
development-set/GC01PS03D0179.jpg,development-set,1743,1620,4,,float32,,0.0,0.0;0.0;0.0;0.0,255.0;255.0;255.0;255.0,198.15011596679688;189.6136474609375;176.88204956054688;104.13468933105469,data/thumbs/development-set_GC01PS03D0179.jpg.jpg,ok,1.448,True,48.1870002746582;46.97800064086914;53.67399978637695;59.393001556396484,1.846;1.793;1.484;1.374,14.664
development-set/GC01PS03D0179.tif,development-set,1743,1620,4,,uint16,0.0,1.398,0.0;0.0;0.0;0.0,3724.0;3396.0;2700.0;5293.0,902.1412353515625;998.6914672851562;739.1968383789062;2944.623046875,data/thumbs/development-set_GC01PS03D0179.tif.jpg,ok,17.593,True,388.7690124511719;250.54299926757812;183.69400024414062;763.2830200195312,1.005;1.005;1.005;1.005,2.454
development-set/GC01PS03D0180.jpg,development-set,1743,1620,4,,float32,,0.0,0.0;0.0;0.0;0.0,255.0;255.0;255.0;255.0,172.86837768554688;166.42965698242188;157.462646484375;102.74034881591797,data/thumbs/development-set_GC01PS03D0180.jpg.jpg,ok,1.621,True,50.48400115966797;49.0629997253418;57.47600173950195;50.10200119018555,1.879;1.794;1.287;1.481,6.965
development-set/GC01PS03D0180.tif,development-set,1743,1620,4,,uint16,0.0,1.398,0.0;0.0;0.0;0.0,3203.0;2611.0;1911.0;5505.0,1271.0791015625;1045.2088623046875;663.8974609375;3093.929931640625,data/thumbs/development-set_GC01PS03D0180.tif.jpg,ok,16.824,True,389.7510070800781;239.26300048828125;157.3520050048828;628.2670288085938,1.005;1.005;1.005;1.005,2.956
development-set/GC01PS03D0181.jpg,development-set,1651,1721,4,,float32,,0.0,0.0;0.0;0.0;0.0,255.0;255.0;255.0;255.0,152.7835693359375;157.53683471679688;159.42259216308594;134.2422637939453,data/thumbs/development-set_GC01PS03D0181.jpg.jpg,ok,1.772,True,56.5620002746582;54.446998596191406;52.52199935913086;47.5620002746582,1.325;1.263;1.255;1.609,5.906
development-set/GC01PS03D0181.tif,development-set,1651,1721,4,,uint16,0.0,1.366,0.0;0.0;0.0;0.0,3829.0;3412.0;3049.0;5225.0,908.9840087890625;814.3762817382812;592.992919921875;2245.96875,data/thumbs/development-set_GC01PS03D0181.tif.jpg,ok,17.238,True,286.94000244140625;191.26300048828125;161.1280059814453;505.2760009765625,1.014;1.014;1.014;1.014,2.63
development-set/GC01PS03D0182.jpg,development-set,1651,1721,4,,float32,,0.0,0.0;0.0;0.0;0.0,255.0;255.0;255.0;255.0,180.1456756591797;175.3158721923828;183.63119506835938;105.74127197265625,data/thumbs/development-set_GC01PS03D0182.jpg.jpg,ok,1.705,True,59.26499938964844;53.6879997253418;54.49599838256836;52.55400085449219,1.232;1.205;1.201;1.45,12.706
development-set/GC01PS03D0182.tif,development-set,1651,1721,4,,uint16,0.0,1.366,0.0;0.0;0.0;0.0,5737.0;4628.0;4325.0;6551.0,765.1567993164062;836.6483764648438;597.7181396484375;3264.174072265625,data/thumbs/development-set_GC01PS03D0182.tif.jpg,ok,18.213,True,378.6440124511719;262.093994140625;250.6020050048828;734.4940185546875,1.014;1.014;1.014;1.014,2.507
development-set/GC01PS03D0183.jpg,development-set,1923,1553,4,,float32,,0.0,0.0;0.0;0.0;0.0,255.0;255.0;255.0;255.0,179.11854553222656;158.6725311279297;178.06277465820312;82.64277648925781,data/thumbs/development-set_GC01PS03D0183.jpg.jpg,ok,1.467,True,64.80400085449219;57.89699935913086;58.249000549316406;54.41899871826172,1.315;1.291;1.235;1.366,5.381
development-set/GC01PS03D0183.tif,development-set,1923,1553,4,,uint16,0.0,5.204,0.0;0.0;0.0;0.0,3133.0;3371.0;3284.0;5328.0,432.8692626953125;465.92694091796875;283.0107421875;2151.075439453125,data/thumbs/development-set_GC01PS03D0183.tif.jpg,ok,17.5,True,367.3349914550781;282.9849853515625;216.927001953125;662.4730224609375,4.763;4.763;4.763;4.763,3.427
development-set/GC01PS03D0184.jpg,development-set,1921,1552,4,,float32,,0.0,0.0;0.0;0.0;0.0,255.0;255.0;255.0;255.0,159.818603515625;132.8807830810547;177.23583984375;58.38144302368164,data/thumbs/development-set_GC01PS03D0184.jpg.jpg,ok,1.286,True,61.72200012207031;51.106998443603516;62.61800003051758;50.564998626708984,1.385;1.333;1.314;1.515,5.024
development-set/GC01PS03D0184.tif,development-set,1921,1552,4,,uint16,0.0,5.058,0.0;0.0;0.0;0.0,3669.0;2798.0;2203.0;6096.0,684.0079956054688;735.482177734375;298.4479064941406;3311.6845703125,data/thumbs/development-set_GC01PS03D0184.tif.jpg,ok,17.355,True,447.0509948730469;308.9620056152344;242.30299377441406;819.2509765625,4.608;4.608;4.608;4.608,3.911
development-set/GC01PS03D0185.jpg,development-set,1894,1567,4,,float32,,0.0,0.0;0.0;0.0;0.0,255.0;255.0;255.0;255.0,183.6064453125;161.55697631835938;189.5894775390625;94.18034362792969,data/thumbs/development-set_GC01PS03D0185.jpg.jpg,ok,1.571,True,58.75299835205078;55.04100036621094;57.45899963378906;54.542999267578125,1.214;1.213;1.161;1.312,7.782
development-set/GC01PS03D0185.tif,development-set,1894,1567,4,,uint16,0.0,5.218,0.0;0.0;0.0;0.0,5860.0;5680.0;5279.0;6373.0,401.56610107421875;461.88812255859375;257.1277160644531;2459.963134765625,data/thumbs/development-set_GC01PS03D0185.tif.jpg,ok,17.96,True,336.802001953125;279.3970031738281;236.05799865722656;812.3350219726562,4.837;4.837;4.837;4.837,3.094
development-set/GC01PS03D0186.jpg,development-set,1894,1567,4,,float32,,0.0,0.0;0.0;0.0;0.0,255.0;255.0;255.0;255.0,151.40838623046875;127.95558166503906;166.44113159179688;79.087890625,data/thumbs/development-set_GC01PS03D0186.jpg.jpg,ok,1.33,True,58.19300079345703;50.698001861572266;57.73500061035156;50.41299819946289,1.291;1.311;1.208;1.6,5.217
development-set/GC01PS03D0186.tif,development-set,1894,1567,4,,uint16,0.0,5.218,0.0;0.0;0.0;0.0,4380.0;3967.0;3600.0;5926.0,709.6575317382812;719.0614624023438;382.0260009765625;2893.982666015625,data/thumbs/development-set_GC01PS03D0186.tif.jpg,ok,17.784,True,402.7860107421875;289.9129943847656;256.1969909667969;808.0819702148438,4.837;4.837;4.837;4.837,3.94
development-set/GC01PS03D0187.jpg,development-set,1988,1574,4,,float32,,0.0,0.0;0.0;0.0;0.0,255.0;255.0;255.0;255.0,162.4130401611328;151.3103485107422;178.54537963867188;101.74472045898438,data/thumbs/development-set_GC01PS03D0187.jpg.jpg,ok,1.815,True,64.9260025024414;59.5629997253418;63.92399978637695;53.43199920654297,1.208;1.217;1.178;1.392,11.243
development-set/GC01PS03D0187.tif,development-set,1988,1574,4,,uint16,0.0,4.964,0.0;0.0;0.0;0.0,5801.0;6150.0;4639.0;9284.0,561.282470703125;535.7372436523438;316.29388427734375;2180.250732421875,data/thumbs/development-set_GC01PS03D0187.tif.jpg,ok,19.834,True,393.36700439453125;309.3659973144531;265.5899963378906;744.6060180664062,4.571;4.571;4.571;4.571,3.568
development-set/GC01PS03D0188.jpg,development-set,1988,1574,4,,float32,,0.0,0.0;0.0;0.0;0.0,255.0;255.0;255.0;255.0,129.9376983642578;119.410400390625;146.18423461914062;63.653892517089844,data/thumbs/development-set_GC01PS03D0188.jpg.jpg,ok,1.386,True,58.47100067138672;56.20000076293945;61.11399841308594;50.79499816894531,1.308;1.345;1.205;1.374,4.957
development-set/GC01PS03D0188.tif,development-set,1988,1574,4,,uint16,0.0,4.964,0.0;0.0;0.0;0.0,3487.0;3023.0;2768.0;4342.0,839.9868774414062;762.8247680664062;482.4935607910156;2410.7607421875,data/thumbs/development-set_GC01PS03D0188.tif.jpg,ok,18.856,True,392.1210021972656;315.7239990234375;272.7279968261719;619.4520263671875,4.571;4.571;4.571;4.571,4.897
development-set/GC01PS03D0189.jpg,development-set,1999,1537,4,,float32,,0.0,0.0;0.0;0.0;0.0,255.0;255.0;255.0;255.0,165.090576171875;154.65512084960938;169.40048217773438;98.22907257080078,data/thumbs/development-set_GC01PS03D0189.jpg.jpg,ok,1.367,True,62.733001708984375;58.20199966430664;61.560001373291016;54.183998107910156,1.677;1.739;1.584;1.416,8.13
development-set/GC01PS03D0189.tif,development-set,1999,1537,4,,uint16,0.0,5.043,0.0;0.0;0.0;0.0,3594.0;2966.0;3402.0;5089.0,679.4393310546875;651.8383178710938;476.1160583496094;1996.1722412109375,data/thumbs/development-set_GC01PS03D0189.tif.jpg,ok,18.575,True,475.4639892578125;383.78900146484375;342.0;675.5859985351562,4.601;4.601;4.601;4.601,2.908
development-set/GC01PS03D0190.jpg,development-set,1999,1537,4,,float32,,0.0,0.0;0.0;0.0;0.0,255.0;255.0;255.0;255.0,137.81680297851562;127.7790298461914;151.00338745117188;71.32526397705078,data/thumbs/development-set_GC01PS03D0190.jpg.jpg,ok,1.346,True,65.11799621582031;57.858001708984375;67.71199798583984;50.000999450683594,1.255;1.235;1.242;1.58,5.04
development-set/GC01PS03D0190.tif,development-set,1999,1537,4,,uint16,0.0,5.043,0.0;0.0;0.0;0.0,4105.0;4059.0;2833.0;6588.0,984.1827392578125;945.498046875;586.4071655273438;2958.966552734375,data/thumbs/development-set_GC01PS03D0190.tif.jpg,ok,18.934,True,545.6849975585938;427.5690002441406;379.489013671875;777.89501953125,4.601;4.601;4.601;4.601,5.353
development-set/GC01PS03D0191.jpg,development-set,1999,1537,4,,float32,,0.0,0.0;0.0;0.0;0.0,255.0;255.0;255.0;255.0,149.63134765625;140.79498291015625;154.27645874023438;84.88442993164062,data/thumbs/development-set_GC01PS03D0191.jpg.jpg,ok,1.485,True,63.994998931884766;58.78200149536133;62.334999084472656;51.58700180053711,1.266;1.265;1.232;1.442,5.044
development-set/GC01PS03D0191.tif,development-set,1999,1537,4,,uint16,0.0,5.043,0.0;0.0;0.0;0.0,9105.0;6955.0;6264.0;7647.0,749.7347412109375;746.23681640625;542.0773315429688;2051.1220703125,data/thumbs/development-set_GC01PS03D0191.tif.jpg,ok,18.832,True,456.2900085449219;384.0220031738281;337.3479919433594;608.7969970703125,4.601;4.601;4.601;4.601,4.02
development-set/GC01PS03D0192.jpg,development-set,1946,1545,4,,float32,,0.0,0.0;0.0;0.0;0.0,255.0;255.0;255.0;255.0,142.59561157226562;135.22035217285156;154.30421447753906;108.17271423339844,data/thumbs/development-set_GC01PS03D0192.jpg.jpg,ok,1.913,True,61.369998931884766;56.39500045776367;60.73899841308594;50.37099838256836,1.157;1.136;1.131;1.415,5.191
development-set/GC01PS03D0192.tif,development-set,1946,1545,4,,uint16,0.0,5.116,0.0;0.0;0.0;0.0,3201.0;2824.0;2600.0;4649.0,759.4622802734375;688.4635009765625;503.5982360839844;1898.3885498046875,data/thumbs/development-set_GC01PS03D0192.tif.jpg,ok,18.968,True,409.6099853515625;321.5820007324219;301.239990234375;634.8790283203125,4.667;4.667;4.667;4.667,3.698
development-set/GC01PS03D0193.jpg,development-set,1946,1545,4,,float32,,0.0,0.0;0.0;0.0;0.0,255.0;255.0;255.0;255.0,154.4159698486328;145.98434448242188;161.61985778808594;114.22745513916016,data/thumbs/development-set_GC01PS03D0193.jpg.jpg,ok,1.866,True,59.96099853515625;53.319000244140625;58.3129997253418;50.292999267578125,1.146;1.12;1.124;1.418,5.323
development-set/GC01PS03D0193.tif,development-set,1946,1545,4,,uint16,0.0,5.116,0.0;0.0;0.0;0.0,14054.0;8703.0;7160.0;42152.0,734.0540771484375;721.9570922851562;515.86279296875;2142.478271484375,data/thumbs/development-set_GC01PS03D0193.tif.jpg,ok,19.513,True,443.67401123046875;360.5610046386719;326.5870056152344;759.989990234375,4.667;4.667;4.667;4.667,3.25
development-set/GC01PS03D0194.jpg,development-set,1946,1545,4,,float32,,0.0,0.0;0.0;0.0;0.0,255.0;255.0;255.0;255.0,125.19843292236328;118.31156158447266;130.88900756835938;88.97979736328125,data/thumbs/development-set_GC01PS03D0194.jpg.jpg,ok,1.824,True,60.7130012512207;54.61399841308594;59.53499984741211;49.52000045776367,1.164;1.146;1.141;1.326,5.099
development-set/GC01PS03D0194.tif,development-set,1946,1545,4,,uint16,0.0,5.116,0.0;0.0;0.0;0.0,3916.0;4616.0;3359.0;8959.0,1033.3172607421875;937.162109375;695.439697265625;2287.27734375,data/thumbs/development-set_GC01PS03D0194.tif.jpg,ok,19.295,True,475.677001953125;370.510986328125;330.21099853515625;659.8889770507812,4.667;4.667;4.667;4.667,4.386
development-set/GC01PS03D0195.jpg,development-set,1914,1572,4,,float32,,0.0,0.0;0.0;0.0;0.0,255.0;255.0;255.0;255.0,156.57704162597656;145.3714141845703;163.48928833007812;98.7469711303711,data/thumbs/development-set_GC01PS03D0195.jpg.jpg,ok,1.633,True,60.92900085449219;55.35599899291992;57.92499923706055;53.06999969482422,1.336;1.387;1.284;1.399,5.315
development-set/GC01PS03D0195.tif,development-set,1914,1572,4,,uint16,0.0,5.182,0.0;0.0;0.0;0.0,3005.0;2633.0;2748.0;4787.0,625.0219116210938;611.84521484375;419.29339599609375;2105.78955078125,data/thumbs/development-set_GC01PS03D0195.tif.jpg,ok,18.578,True,386.8219909667969;309.6400146484375;267.2139892578125;698.3569946289062,4.802;4.802;4.802;4.802,3.442
development-set/GC01PS03D0196.jpg,development-set,1913,1571,4,,float32,,0.0,0.0;0.0;0.0;0.0,255.0;255.0;255.0;255.0,121.3686752319336;110.6891860961914;133.06500244140625;67.28733825683594,data/thumbs/development-set_GC01PS03D0196.jpg.jpg,ok,1.386,True,61.13199996948242;54.301998138427734;58.597999572753906;49.4640007019043,1.358;1.335;1.254;1.401,5.082
development-set/GC01PS03D0196.tif,development-set,1913,1571,4,,uint16,0.0,5.075,0.0;0.0;0.0;0.0,3308.0;2906.0;2454.0;4883.0,1082.0355224609375;974.8652954101562;665.31201171875;2861.7783203125,data/thumbs/development-set_GC01PS03D0196.tif.jpg,ok,18.305,True,489.885986328125;363.47900390625;318.406005859375;729.9860229492188,4.699;4.699;4.699;4.699,5.408
development-set/GC01PS03D0197.jpg,development-set,2255,1591,4,,float32,,0.0,0.0;0.0;0.0;0.0,255.0;255.0;255.0;255.0,172.89480590820312;147.9058837890625;174.037353515625;81.69368743896484,data/thumbs/development-set_GC01PS03D0197.jpg.jpg,ok,1.487,True,55.5260009765625;49.91899871826172;54.064998626708984;51.53900146484375,1.602;1.621;1.503;1.524,5.267
development-set/GC01PS03D0197.tif,development-set,2255,1591,4,,uint16,0.0,5.232,0.0;0.0;0.0;0.0,3485.0;3128.0;2908.0;6774.0,629.7068481445312;723.8019409179688;411.3211669921875;3073.702880859375,data/thumbs/development-set_GC01PS03D0197.tif.jpg,ok,21.451,True,430.9670104980469;343.64898681640625;275.0530090332031;890.3380126953125,4.852;4.852;4.852;4.852,3.017
development-set/GC01PS03D0198.jpg,development-set,2255,1591,4,,float32,,0.0,0.0;0.0;0.0;0.0,255.0;255.0;255.0;255.0,134.37623596191406;125.24200439453125;147.79153442382812;65.74263763427734,data/thumbs/development-set_GC01PS03D0198.jpg.jpg,ok,1.482,True,59.393001556396484;52.486000061035156;59.46500015258789;49.83399963378906,1.572;1.62;1.51;1.373,5.239
development-set/GC01PS03D0198.tif,development-set,2255,1591,4,,uint16,0.0,5.232,0.0;0.0;0.0;0.0,3632.0;3210.0;2823.0;4997.0,987.497802734375;894.6631469726562;545.4934692382812;2804.855224609375,data/thumbs/development-set_GC01PS03D0198.tif.jpg,ok,21.213,True,484.572998046875;358.72900390625;299.8370056152344;717.4769897460938,4.852;4.852;4.852;4.852,4.779
development-set/GC01PS03D0199.jpg,development-set,2008,1759,4,,float32,,0.0,0.0;0.0;0.0;0.0,255.0;255.0;255.0;255.0,134.83987426757812;127.0949935913086;136.2174835205078;86.02659606933594,data/thumbs/development-set_GC01PS03D0199.jpg.jpg,ok,1.851,True,55.198001861572266;51.73899841308594;54.29100036621094;48.58599853515625,1.628;1.612;1.544;1.391,4.898
development-set/GC01PS03D0199.tif,development-set,2008,1759,4,,uint16,0.0,4.902,0.0;0.0;0.0;0.0,3280.0;3079.0;2564.0;4458.0,870.90869140625;827.5726318359375;618.7824096679688;2105.391357421875,data/thumbs/development-set_GC01PS03D0199.tif.jpg,ok,21.921,True,397.1839904785156;331.5950012207031;279.989013671875;587.2579956054688,4.515;4.515;4.515;4.515,3.217
development-set/GC01PS03D0200.jpg,development-set,2008,1759,4,,float32,,0.0,0.0;0.0;0.0;0.0,255.0;255.0;255.0;255.0,119.08165740966797;116.5696029663086;130.08619689941406;77.23931121826172,data/thumbs/development-set_GC01PS03D0200.jpg.jpg,ok,1.797,True,57.62099838256836;52.32400131225586;56.52000045776367;47.8129997253418,1.223;1.193;1.213;1.377,4.898
development-set/GC01PS03D0200.tif,development-set,2008,1759,4,,uint16,0.0,4.902,0.0;0.0;0.0;0.0,7382.0;5496.0;4316.0;8887.0,1142.3485107421875;1048.6387939453125;763.8623657226562;2591.9375,data/thumbs/development-set_GC01PS03D0200.tif.jpg,ok,22.649,True,480.9079895019531;393.4079895019531;344.24200439453125;678.1539916992188,4.515;4.515;4.515;4.515,5.145
development-set/GC01PS03D0201.jpg,development-set,1871,1931,4,,float32,,0.0,0.0;0.0;0.0;0.0,255.0;255.0;255.0;255.0,122.86540222167969;116.34868621826172;137.904541015625;102.425048828125,data/thumbs/development-set_GC01PS03D0201.jpg.jpg,ok,2.358,True,57.88399887084961;53.85300064086914;57.084999084472656;50.0629997253418,1.186;1.151;1.137;1.376,5.252
development-set/GC01PS03D0201.tif,development-set,1871,1931,4,,uint16,0.0,4.93,0.0;0.0;0.0;0.0,3110.0;2962.0;2780.0;5025.0,898.2680053710938;815.2216186523438;581.7947998046875;2028.7857666015625,data/thumbs/development-set_GC01PS03D0201.tif.jpg,ok,23.076,True,384.05499267578125;308.8800048828125;276.52801513671875;650.7869873046875,4.565;4.565;4.565;4.565,4.242
development-set/GC01PS03D0202.jpg,development-set,1873,1932,4,,float32,,0.0,0.0;0.0;0.0;0.0,255.0;255.0;255.0;255.0,93.74951934814453;91.8635025024414;108.51578521728516;67.08168029785156,data/thumbs/development-set_GC01PS03D0202.jpg.jpg,ok,1.913,True,54.52399826049805;50.952999114990234;54.095001220703125;48.20800018310547,1.194;1.169;1.154;1.502,5.078
development-set/GC01PS03D0202.tif,development-set,1873,1932,4,,uint16,0.0,5.078,0.0;0.0;0.0;0.0,7782.0;5473.0;4176.0;9766.0,1345.71240234375;1180.5360107421875;837.083984375;2590.11181640625,data/thumbs/development-set_GC01PS03D0202.tif.jpg,ok,22.485,True,446.281005859375;361.0880126953125;303.8689880371094;645.2479858398438,4.706;4.706;4.706;4.706,5.798
development-set/GC01PS03D0203.jpg,development-set,1622,1869,4,,float32,,0.0,0.0;0.0;0.0;0.0,255.0;255.0;255.0;255.0,151.2873992919922;128.26519775390625;159.42953491210938;78.5717544555664,data/thumbs/development-set_GC01PS03D0203.jpg.jpg,ok,1.541,True,65.13099670410156;58.99100112915039;62.86399841308594;51.14699935913086,1.184;1.188;1.15;1.376,5.079
development-set/GC01PS03D0203.tif,development-set,1622,1869,4,,uint16,0.0,5.042,0.0;0.0;0.0;0.0,7235.0;5479.0;4102.0;7551.0,698.0189819335938;752.6159057617188;481.5052795410156;2870.91064453125,data/thumbs/development-set_GC01PS03D0203.tif.jpg,ok,18.503,True,444.2200012207031;356.0780029296875;324.7770080566406;807.6820068359375,4.649;4.649;4.649;4.649,3.652
development-set/GC01PS03D0204.jpg,development-set,1622,1869,4,,float32,,0.0,0.0;0.0;0.0;0.0,255.0;255.0;255.0;255.0,128.16397094726562;117.06232452392578;142.33389282226562;74.33252716064453,data/thumbs/development-set_GC01PS03D0204.jpg.jpg,ok,1.665,True,62.71099853515625;56.19300079345703;64.48699951171875;51.23400115966797,1.214;1.189;1.177;1.348,5.036
development-set/GC01PS03D0204.tif,development-set,1622,1869,4,,uint16,0.0,5.036,0.0;0.0;0.0;0.0,4141.0;3992.0;3716.0;5213.0,954.9783935546875;875.2406005859375;569.083251953125;2723.6416015625,data/thumbs/development-set_GC01PS03D0204.tif.jpg,ok,18.92,True,469.072998046875;353.10198974609375;323.56201171875;751.343017578125,4.649;4.649;4.649;4.649,4.825
development-set/GC01PS03D0205.jpg,development-set,1984,1484,4,,float32,,0.0,0.0;0.0;0.0;0.0,255.0;255.0;255.0;255.0,173.27310180664062;157.57875061035156;165.61978149414062;80.0352554321289,data/thumbs/development-set_GC01PS03D0205.jpg.jpg,ok,1.415,True,58.54800033569336;54.0359992980957;54.62099838256836;50.7869987487793,1.637;1.643;1.567;1.318,5.06
development-set/GC01PS03D0205.tif,development-set,1984,1484,4,,uint16,0.0,5.058,0.0;0.0;0.0;0.0,3508.0;3335.0;3196.0;5730.0,706.503173828125;757.7625732421875;596.287841796875;2773.250244140625,data/thumbs/development-set_GC01PS03D0205.tif.jpg,ok,17.648,True,506.48199462890625;423.1860046386719;363.0769958496094;778.4929809570312,4.692;4.692;4.692;4.692,2.909
development-set/GC01PS03D0206.jpg,development-set,1987,1488,4,,float32,,0.0,0.0;0.0;0.0;0.0,255.0;255.0;255.0;255.0,144.3190155029297;133.4449462890625;157.85775756835938;69.37899017333984,data/thumbs/development-set_GC01PS03D0206.jpg.jpg,ok,1.299,True,64.3290023803711;54.69599914550781;62.95399856567383;51.69499969482422,1.561;1.534;1.465;1.362,5.427
development-set/GC01PS03D0206.tif,development-set,1987,1488,4,,uint16,0.0,5.436,0.0;0.0;0.0;0.0,3694.0;3380.0;2683.0;5662.0,934.0469360351562;894.7991333007812;522.9517822265625;2941.263427734375,data/thumbs/development-set_GC01PS03D0206.tif.jpg,ok,17.458,True,538.1060180664062;399.6470031738281;336.7550048828125;796.614990234375,5.053;5.053;5.053;5.053,3.816
development-set/GC01PS03D0207.jpg,development-set,1851,1922,4,,float32,,0.0,0.0;0.0;0.0;0.0,255.0;255.0;255.0;255.0,190.85301208496094;166.02651977539062;206.69586181640625;100.1833724975586,data/thumbs/development-set_GC01PS03D0207.jpg.jpg,ok,1.82,True,51.15700149536133;52.40299987792969;54.52000045776367;57.6870002746582,1.275;1.273;1.304;1.367,14.293
development-set/GC01PS03D0207.tif,development-set,1851,1922,4,,uint16,0.0,4.893,0.0;0.0;0.0;0.0,5540.0;4623.0;3682.0;6402.0,291.9826965332031;359.75079345703125;144.91384887695312;2669.0830078125,data/thumbs/development-set_GC01PS03D0207.tif.jpg,ok,21.087,True,252.41000366210938;221.01699829101562;172.60299682617188;973.927978515625,4.505;4.505;4.505;4.505,2.65
development-set/GC01PS03D0208.jpg,development-set,1854,1925,4,,float32,,0.0,0.0;0.0;0.0;0.0,255.0;255.0;255.0;255.0,157.0124053955078;138.50958251953125;178.45797729492188;75.87232208251953,data/thumbs/development-set_GC01PS03D0208.jpg.jpg,ok,1.666,True,52.654998779296875;49.762001037597656;55.76900100708008;52.4900016784668,1.396;1.422;1.335;1.456,5.223
development-set/GC01PS03D0208.tif,development-set,1854,1925,4,,uint16,0.0,5.18,0.0;0.0;0.0;0.0,3422.0;2730.0;2429.0;5190.0,591.5584106445312;571.1730346679688;268.6717834472656;2613.93896484375,data/thumbs/development-set_GC01PS03D0208.tif.jpg,ok,21.212,True,325.6860046386719;249.53799438476562;200.08900451660156;746.06201171875,4.784;4.784;4.784;4.784,3.174
development-set/GC01PS03D0209.jpg,development-set,2165,1319,4,,float32,,0.0,0.0;0.0;0.0;0.0,255.0;255.0;255.0;255.0,159.5167236328125;152.08328247070312;160.9488525390625;99.68023681640625,data/thumbs/development-set_GC01PS03D0209.jpg.jpg,ok,1.705,True,64.43000030517578;58.707000732421875;62.06700134277344;51.55500030517578,1.275;1.235;1.198;1.309,10.802
development-set/GC01PS03D0209.tif,development-set,2165,1319,4,,uint16,0.0,1.143,0.0;0.0;0.0;0.0,2716.0;2026.0;1844.0;3739.0,740.3104858398438;769.779052734375;673.8096923828125;2031.4769287109375,data/thumbs/development-set_GC01PS03D0209.tif.jpg,ok,16.612,True,272.6239929199219;191.06900024414062;163.8470001220703;469.45599365234375,0.814;0.814;0.814;0.814,3.623
development-set/GC01PS03D0210.jpg,development-set,2165,1319,4,,float32,,0.0,0.0;0.0;0.0;0.0,255.0;255.0;255.0;255.0,182.7098846435547;153.9227752685547;180.28323364257812;76.40995788574219,data/thumbs/development-set_GC01PS03D0210.jpg.jpg,ok,1.364,True,64.22699737548828;57.23699951171875;60.270999908447266;49.00899887084961,1.274;1.363;1.244;1.4,12.152
development-set/GC01PS03D0210.tif,development-set,2165,1319,4,,uint16,0.0,1.143,0.0;0.0;0.0;0.0,2457.0;2075.0;2063.0;5459.0,556.3285522460938;711.2744750976562;500.93109130859375;3266.84130859375,data/thumbs/development-set_GC01PS03D0210.tif.jpg,ok,16.074,True,260.4859924316406;179.90199279785156;162.18499755859375;710.8090209960938,0.814;0.814;0.814;0.814,3.457
development-set/GC01PS03D0211.jpg,development-set,2165,1319,4,,float32,,0.0,0.0;0.0;0.0;0.0,255.0;255.0;255.0;255.0,146.16384887695312;154.54083251953125;162.5355224609375;99.8357925415039,data/thumbs/development-set_GC01PS03D0211.jpg.jpg,ok,1.613,True,61.597999572753906;58.9739990234375;63.97200012207031;46.57400131225586,1.329;1.271;1.227;1.545,4.687
development-set/GC01PS03D0211.tif,development-set,2165,1319,4,,uint16,0.0,1.143,0.0;0.0;0.0;0.0,2880.0;2293.0;1926.0;4523.0,1107.2796630859375;989.940673828125;689.3421630859375;2593.202880859375,data/thumbs/development-set_GC01PS03D0211.tif.jpg,ok,16.149,True,260.8320007324219;173.98300170898438;150.58200073242188;400.9700012207031,0.814;0.814;0.814;0.814,3.724
development-set/GC01PS03D0212.jpg,development-set,1809,1556,4,,float32,,0.0,0.0;0.0;0.0;0.0,255.0;255.0;255.0;255.0,159.32803344726562;151.79556274414062;160.09307861328125;122.10954284667969,data/thumbs/development-set_GC01PS03D0212.jpg.jpg,ok,1.969,True,64.29199981689453;60.05699920654297;62.50600051879883;56.125,1.243;1.209;1.171;1.336,13.691
development-set/GC01PS03D0212.tif,development-set,1809,1556,4,,uint16,0.0,1.127,0.0;0.0;0.0;0.0,3583.0;3319.0;2951.0;5835.0,719.9097900390625;757.3363037109375;617.7239990234375;2253.100830078125,data/thumbs/development-set_GC01PS03D0212.tif.jpg,ok,17.834,True,277.5570068359375;195.3979949951172;175.32400512695312;731.5449829101562,0.695;0.695;0.695;0.695,3.392
development-set/GC01PS03D0213.jpg,development-set,1809,1556,4,,float32,,0.0,0.0;0.0;0.0;0.0,255.0;255.0;255.0;255.0,133.44569396972656;130.6394805908203;131.42095947265625;109.43334197998047,data/thumbs/development-set_GC01PS03D0213.jpg.jpg,ok,1.957,True,64.48400115966797;61.58399963378906;64.28099822998047;50.18000030517578,1.32;1.247;1.225;1.378,8.479
development-set/GC01PS03D0213.tif,development-set,1809,1556,4,,uint16,0.0,1.127,0.0;0.0;0.0;0.0,2457.0;2102.0;1911.0;4085.0,987.7290649414062;877.2785034179688;839.8490600585938;1885.789306640625,data/thumbs/development-set_GC01PS03D0213.tif.jpg,ok,16.419,True,214.76300048828125;142.2519989013672;129.56300354003906;382.5840148925781,0.695;0.695;0.695;0.695,4.343
development-set/GC01PS03D0214.jpg,development-set,1845,1558,4,,float32,,0.0,0.0;0.0;0.0;0.0,255.0;255.0;255.0;255.0,162.15615844726562;152.44775390625;163.83131408691406;98.42695617675781,data/thumbs/development-set_GC01PS03D0214.jpg.jpg,ok,1.759,True,63.15700149536133;56.2869987487793;63.26100158691406;49.749000549316406,1.412;1.313;1.327;1.448,10.377
development-set/GC01PS03D0214.tif,development-set,1845,1558,4,,uint16,0.0,1.095,0.0;0.0;0.0;0.0,4628.0;3770.0;3385.0;5640.0,1073.895751953125;1085.819091796875;788.4017333984375;3130.352783203125,data/thumbs/development-set_GC01PS03D0214.tif.jpg,ok,17.887,True,297.1650085449219;203.5260009765625;170.04800415039062;613.35302734375,0.642;0.642;0.642;0.642,3.294
development-set/GC01PS03D0215.jpg,development-set,1845,1558,4,,float32,,0.0,0.0;0.0;0.0;0.0,255.0;255.0;255.0;255.0,152.20199584960938;145.55056762695312;136.22059631347656;106.39066314697266,data/thumbs/development-set_GC01PS03D0215.jpg.jpg,ok,2.262,True,55.09000015258789;54.20199966430664;54.75699996948242;51.854000091552734,1.267;1.246;1.24;1.311,5.554
development-set/GC01PS03D0215.tif,development-set,1845,1558,4,,uint16,0.0,1.095,0.0;0.0;0.0;0.0,5944.0;4858.0;3693.0;7205.0,984.8860473632812;877.964111328125;662.8045043945312;2113.814697265625,data/thumbs/development-set_GC01PS03D0215.tif.jpg,ok,16.447,True,196.50599670410156;137.76800537109375;109.60299682617188;357.35400390625,0.642;0.642;0.642;0.642,3.182
development-set/GC01PS03D0216.jpg,development-set,1845,1827,4,,float32,,0.0,0.0;0.0;0.0;0.0,255.0;255.0;255.0;255.0,187.22218322753906;180.93136596679688;182.4025115966797;108.35939025878906,data/thumbs/development-set_GC01PS03D0216.jpg.jpg,ok,2.07,True,55.43000030517578;52.279998779296875;53.573001861572266;58.54800033569336,1.492;1.462;1.48;1.329,15.104
development-set/GC01PS03D0216.tif,development-set,1845,1827,4,,uint16,0.0,0.955,0.0;0.0;0.0;0.0,3440.0;2923.0;2385.0;4877.0,659.0812377929688;746.2311401367188;581.01708984375;2610.40380859375,data/thumbs/development-set_GC01PS03D0216.tif.jpg,ok,20.393,True,271.2019958496094;192.9510040283203;172.0240020751953;573.6409912109375,0.598;0.598;0.598;0.598,2.508
development-set/GC01PS03D0217.jpg,development-set,1845,1827,4,,float32,,0.0,0.0;0.0;0.0;0.0,255.0;255.0;255.0;255.0,156.8858642578125;163.5884552001953;170.15211486816406;121.62571716308594,data/thumbs/development-set_GC01PS03D0217.jpg.jpg,ok,2.121,True,56.04899978637695;53.696998596191406;54.832000732421875;53.145999908447266,1.45;1.468;1.484;1.353,9.316
development-set/GC01PS03D0217.tif,development-set,1845,1827,4,,uint16,0.0,0.955,0.0;0.0;0.0;0.0,4918.0;4090.0;3150.0;7226.0,1073.5086669921875;963.37060546875;770.7540283203125;2381.966796875,data/thumbs/development-set_GC01PS03D0217.tif.jpg,ok,19.369,True,236.572998046875;159.89500427246094;129.23399353027344;425.39898681640625,0.598;0.598;0.598;0.598,2.64
development-set/GC01PS03D0218.jpg,development-set,1910,1505,4,,float32,,0.0,0.0;0.0;0.0;0.0,255.0;255.0;255.0;255.0,159.82281494140625;157.93008422851562;150.99066162109375;150.09629821777344,data/thumbs/development-set_GC01PS03D0218.jpg.jpg,ok,2.076,True,55.479000091552734;55.323001861572266;58.393001556396484;53.60599899291992,1.405;1.394;1.367;1.388,7.485
development-set/GC01PS03D0218.tif,development-set,1910,1505,4,,uint16,0.0,1.15,0.0;0.0;0.0;0.0,2923.0;2238.0;2276.0;3746.0,880.1023559570312;799.7915649414062;666.1040649414062;1478.669921875,data/thumbs/development-set_GC01PS03D0218.tif.jpg,ok,17.153,True,213.3159942626953;155.5229949951172;128.61900329589844;343.6199951171875,0.839;0.839;0.839;0.839,2.776
development-set/GC01PS03D0219.jpg,development-set,1910,1505,4,,float32,,0.0,0.0;0.0;0.0;0.0,255.0;255.0;255.0;255.0,154.53256225585938;158.00453186035156;157.07400512695312;119.07779693603516,data/thumbs/development-set_GC01PS03D0219.jpg.jpg,ok,1.915,True,63.599998474121094;58.20600128173828;62.138999938964844;59.37799835205078,1.35;1.301;1.347;1.345,9.418
development-set/GC01PS03D0219.tif,development-set,1910,1505,4,,uint16,0.0,1.15,0.0;0.0;0.0;0.0,5010.0;4539.0;3543.0;6516.0,1111.8641357421875;1074.3707275390625;750.2973022460938;3092.66943359375,data/thumbs/development-set_GC01PS03D0219.tif.jpg,ok,18.403,True,305.4049987792969;209.18600463867188;183.1739959716797;646.093017578125,0.839;0.839;0.839;0.839,3.102
development-set/GC01PS03D0220.jpg,development-set,1894,1494,4,,float32,,0.0,0.0;0.0;0.0;0.0,255.0;255.0;255.0;255.0,160.63172912597656;159.80557250976562;160.2688751220703;144.48883056640625,data/thumbs/development-set_GC01PS03D0220.jpg.jpg,ok,1.885,True,57.02299880981445;56.95000076293945;56.207000732421875;51.047000885009766,1.358;1.357;1.423;1.415,8.768
development-set/GC01PS03D0220.tif,development-set,1894,1494,4,,uint16,0.0,1.165,0.0;0.0;0.0;0.0,4459.0;3663.0;3793.0;7450.0,828.4458618164062;833.46533203125;823.6949462890625;1240.1314697265625,data/thumbs/development-set_GC01PS03D0220.tif.jpg,ok,16.615,True,217.77999877929688;168.53599548339844;145.22799682617188;362.8110046386719,0.85;0.85;0.85;0.85,3.106
development-set/GC01PS03D0221.jpg,development-set,1894,1494,4,,float32,,0.0,0.0;0.0;0.0;0.0,255.0;255.0;255.0;255.0,166.9586639404297;155.16078186035156;167.23004150390625;138.7293701171875,data/thumbs/development-set_GC01PS03D0221.jpg.jpg,ok,1.802,True,60.22800064086914;56.02299880981445;59.757999420166016;58.35200119018555,1.313;1.291;1.27;1.402,11.634
development-set/GC01PS03D0221.tif,development-set,1894,1494,4,,uint16,0.0,1.165,0.0;0.0;0.0;0.0,8796.0;6075.0;5363.0;32862.0,687.5467529296875;705.6776123046875;600.1831665039062;1953.0833740234375,data/thumbs/development-set_GC01PS03D0221.tif.jpg,ok,17.721,True,297.2250061035156;217.75100708007812;193.95899963378906;746.7520141601562,0.85;0.85;0.85;0.85,2.865
development-set/GC01PS03D0222.jpg,development-set,1894,1494,4,,float32,,0.0,0.0;0.0;0.0;0.0,255.0;255.0;255.0;255.0,154.5784454345703;151.9915313720703;146.08763122558594;129.06210327148438,data/thumbs/development-set_GC01PS03D0222.jpg.jpg,ok,2.2,True,59.69200134277344;58.422000885009766;57.29100036621094;59.284000396728516,1.251;1.218;1.188;1.383,6.797
development-set/GC01PS03D0222.tif,development-set,1894,1494,4,,uint16,0.0,1.165,0.0;0.0;0.0;0.0,3227.0;2727.0;2197.0;4908.0,1361.8819580078125;1235.5045166015625;926.9296264648438;1856.9281005859375,data/thumbs/development-set_GC01PS03D0222.tif.jpg,ok,16.249,True,192.59500122070312;150.58999633789062;117.12699890136719;374.9590148925781,0.85;0.85;0.85;0.85,3.617
development-set/GC01PS03D0223.jpg,development-set,1581,1780,4,,float32,,0.0,0.0;0.0;0.0;0.0,255.0;255.0;255.0;255.0,174.28744506835938;169.65206909179688;175.0496063232422;115.01844024658203,data/thumbs/development-set_GC01PS03D0223.jpg.jpg,ok,1.912,True,60.2140007019043;55.84600067138672;58.75299835205078;58.20100021362305,1.303;1.264;1.249;1.322,13.579
development-set/GC01PS03D0223.tif,development-set,1581,1780,4,,uint16,0.0,1.065,0.0;0.0;0.0;0.0,3965.0;3618.0;3380.0;5177.0,680.5623779296875;737.847412109375;576.8638916015625;2315.38623046875,data/thumbs/development-set_GC01PS03D0223.tif.jpg,ok,17.948,True,284.9339904785156;200.48899841308594;180.99200439453125;722.1539916992188,0.691;0.691;0.691;0.691,2.775
development-set/GC01PS03D0224.jpg,development-set,1581,1780,4,,float32,,0.0,0.0;0.0;0.0;0.0,255.0;255.0;255.0;255.0,150.73538208007812;151.16091918945312;151.00033569335938;97.09998321533203,data/thumbs/development-set_GC01PS03D0224.jpg.jpg,ok,1.875,True,61.75899887084961;58.17100143432617;61.52799987792969;51.777000427246094,1.326;1.252;1.241;1.374,7.369
development-set/GC01PS03D0224.tif,development-set,1581,1780,4,,uint16,0.0,1.065,0.0;0.0;0.0;0.0,4264.0;3988.0;3559.0;4959.0,1096.2896728515625;982.0173950195312;725.005859375;2458.37841796875,data/thumbs/development-set_GC01PS03D0224.tif.jpg,ok,17.826,True,297.2300109863281;201.03399658203125;169.9510040283203;502.52398681640625,0.691;0.691;0.691;0.691,3.272
development-set/GC01PS03D0225.jpg,development-set,1651,1721,4,,float32,,0.0,0.0;0.0;0.0;0.0,255.0;255.0;255.0;255.0,142.679443359375;148.44052124023438;141.59202575683594;130.34857177734375,data/thumbs/development-set_GC01PS03D0225.jpg.jpg,ok,1.787,True,59.888999938964844;55.029998779296875;53.619998931884766;46.520999908447266,1.303;1.232;1.239;1.5,5.57
development-set/GC01PS03D0225.tif,development-set,1651,1721,4,,uint16,0.0,1.366,0.0;0.0;0.0;0.0,4201.0;3390.0;2640.0;5890.0,1331.167236328125;1106.5718994140625;751.6544189453125;3122.869140625,data/thumbs/development-set_GC01PS03D0225.tif.jpg,ok,17.174,True,321.760009765625;204.85899353027344;155.343994140625;505.7099914550781,1.014;1.014;1.014;1.014,2.826
development-set/GC01PS03D0226.jpg,development-set,2310,2213,4,,float32,,0.0,0.0;0.0;0.0;0.0,255.0;255.0;255.0;255.0,201.01744079589844;203.2411346435547;201.2071533203125;140.79661560058594,data/thumbs/development-set_GC01PS03D0226.jpg.jpg,ok,1.975,True,55.02899932861328;51.263999938964844;51.06800079345703;67.55000305175781,1.798;1.777;1.734;1.733,32.674
development-set/GC01PS03D0226.tif,development-set,2310,2213,4,,uint16,0.0,1.474,0.0;0.0;0.0;0.0,4788.0;4221.0;3546.0;5588.0,857.3311767578125;792.1033325195312;575.3706665039062;1839.935791015625,data/thumbs/development-set_GC01PS03D0226.tif.jpg,ok,30.65,True,573.1929931640625;370.2699890136719;240.4429931640625;958.4530029296875,1.109;1.109;1.109;1.109,3.025
development-set/GC01PS03D0227.jpg,development-set,2310,2213,4,,float32,,0.0,0.0;0.0;0.0;0.0,255.0;255.0;255.0;255.0,202.78016662597656;185.808837890625;199.64402770996094;134.17018127441406,data/thumbs/development-set_GC01PS03D0227.jpg.jpg,ok,1.698,True,51.707000732421875;48.20000076293945;49.64899826049805;84.23100280761719,1.807;1.789;1.735;1.568,26.818
development-set/GC01PS03D0227.tif,development-set,2310,2213,4,,uint16,0.0,1.474,0.0;0.0;0.0;0.0,5457.0;4869.0;4028.0;6161.0,889.6838989257812;902.8658447265625;550.5767211914062;2486.2666015625,data/thumbs/development-set_GC01PS03D0227.tif.jpg,ok,30.383,True,573.572021484375;373.72698974609375;260.3039855957031;1392.7540283203125,1.109;1.109;1.109;1.109,2.685
development-set/GC01PS03D0228.jpg,development-set,1563,1958,4,,float32,,0.0,0.0;0.0;0.0;0.0,255.0;255.0;255.0;255.0,184.13543701171875;186.34584045410156;178.63499450683594;137.51979064941406,data/thumbs/development-set_GC01PS03D0228.jpg.jpg,ok,1.147,True,74.35299682617188;73.0790023803711;71.41500091552734;72.36699676513672,1.726;1.729;1.637;1.545,32.006
development-set/GC01PS03D0228.tif,development-set,1563,1958,4,,uint16,0.0,1.343,0.0;0.0;0.0;0.0,3970.0;3582.0;3105.0;4651.0,1086.1451416015625;975.4834594726562;708.2076416015625;1954.531494140625,data/thumbs/development-set_GC01PS03D0228.tif.jpg,ok,18.429,True,770.8270263671875;504.9590148925781;309.47601318359375;1021.1740112304688,0.92;0.92;0.92;0.92,7.985
development-set/GC01PS03D0229.jpg,development-set,1563,1958,4,,float32,,0.0,0.0;0.0;0.0;0.0,255.0;255.0;255.0;255.0,208.40611267089844;197.8847198486328;191.38719177246094;134.41465759277344,data/thumbs/development-set_GC01PS03D0229.jpg.jpg,ok,1.122,True,61.59700012207031;57.91699981689453;59.67599868774414;81.875,1.786;1.748;1.631;1.558,37.068
development-set/GC01PS03D0229.tif,development-set,1563,1958,4,,uint16,0.0,1.343,0.0;0.0;0.0;0.0,4781.0;3929.0;4768.0;4500.0,897.6964721679688;962.3262939453125;760.2520141601562;2095.657958984375,data/thumbs/development-set_GC01PS03D0229.tif.jpg,ok,17.847,True,628.9509887695312;378.10101318359375;254.6750030517578;1185.781982421875,0.92;0.92;0.92;0.92,4.698
development-set/GC01PS03D0230.jpg,development-set,1563,1958,4,,float32,,0.0,0.0;0.0;0.0;0.0,255.0;255.0;255.0;255.0,182.32012939453125;179.03140258789062;167.1028594970703;130.60061645507812,data/thumbs/development-set_GC01PS03D0230.jpg.jpg,ok,1.233,True,70.43599700927734;68.61900329589844;67.44200134277344;74.94999694824219,1.752;1.715;1.563;1.507,19.873
development-set/GC01PS03D0230.tif,development-set,1563,1958,4,,uint16,0.0,1.343,0.0;0.0;0.0;0.0,2945.0;2370.0;1739.0;4554.0,1348.7989501953125;1243.259765625;932.8252563476562;2357.01171875,data/thumbs/development-set_GC01PS03D0230.tif.jpg,ok,17.551,True,561.3660278320312;349.54400634765625;205.24200439453125;897.594970703125,0.92;0.92;0.92;0.92,7.574
development-set/GC01PS03D0231.jpg,development-set,2501,1386,4,,float32,,0.0,0.0;0.0;0.0;0.0,255.0;255.0;255.0;255.0,179.33648681640625;183.8245391845703;178.0458221435547;137.91819763183594,data/thumbs/development-set_GC01PS03D0231.jpg.jpg,ok,1.598,True,67.58799743652344;65.4540023803711;64.11100006103516;69.48899841308594,1.767;1.776;1.7;1.682,25.106
development-set/GC01PS03D0231.tif,development-set,2501,1386,4,,uint16,0.0,1.569,0.0;0.0;0.0;0.0,3756.0;3390.0;2696.0;5321.0,1212.00634765625;1102.3565673828125;913.0675659179688;2068.110595703125,data/thumbs/development-set_GC01PS03D0231.tif.jpg,ok,21.777,True,749.7940063476562;480.89599609375;309.0989990234375;1049.1070556640625,1.242;1.242;1.242;1.242,4.209
development-set/GC01PS03D0232.jpg,development-set,2501,1386,4,,float32,,0.0,0.0;0.0;0.0;0.0,255.0;255.0;255.0;255.0,178.6156005859375;173.3803253173828;161.6072235107422;145.51580810546875,data/thumbs/development-set_GC01PS03D0232.jpg.jpg,ok,1.586,True,51.21699905395508;51.0369987487793;51.263999938964844;79.53299713134766,1.752;1.698;1.625;1.447,12.069
development-set/GC01PS03D0232.tif,development-set,2501,1386,4,,uint16,0.0,1.569,0.0;0.0;0.0;0.0,4282.0;3125.0;2330.0;6088.0,1254.4705810546875;1241.255615234375;891.68408203125;2343.783447265625,data/thumbs/development-set_GC01PS03D0232.tif.jpg,ok,20.32,True,469.5820007324219;305.51800537109375;190.80999755859375;1157.782958984375,1.242;1.242;1.242;1.242,3.022
development-set/GC01PS03D0233.jpg,development-set,2501,1386,4,,float32,,0.0,0.0;0.0;0.0;0.0,255.0;255.0;255.0;255.0,168.27053833007812;167.19386291503906;164.31752014160156;124.08931732177734,data/thumbs/development-set_GC01PS03D0233.jpg.jpg,ok,1.575,True,64.84600067138672;62.099998474121094;63.4900016784668;69.86399841308594,1.813;1.79;1.692;1.692,16.922
development-set/GC01PS03D0233.tif,development-set,2501,1386,4,,uint16,0.0,1.569,0.0;0.0;0.0;0.0,3074.0;2345.0;2035.0;4330.0,1494.9249267578125;1327.8818359375;1104.005126953125;2434.84912109375,data/thumbs/development-set_GC01PS03D0233.tif.jpg,ok,20.114,True,531.2999877929688;323.9930114746094;201.52099609375;839.5029907226562,1.242;1.242;1.242;1.242,4.571
sample-set/brick_kiln/GC01PS03D0011.jpg,sample-set,2041,1389,4,,float32,,0.0,0.0;0.0;0.0;0.0,255.0;255.0;255.0;255.0,120.67803192138672;134.80691528320312;129.41099548339844;115.47496032714844,data/thumbs/sample-set_brick_kiln_GC01PS03D0011.jpg.jpg,ok,1.845,True,60.64099884033203;62.40800094604492;61.323001861572266;55.305999755859375,1.508;1.484;1.468;1.313,5.961
sample-set/brick_kiln/GC01PS03D0011.tif,sample-set,2041,1389,4,,uint16,0.0,1.197,0.0;0.0;0.0;0.0,3336.0;2825.0;2003.0;4605.0,1740.1571044921875;1447.0045166015625;1006.1282958984375;3080.611083984375,data/thumbs/sample-set_brick_kiln_GC01PS03D0011.tif.jpg,ok,21.637,True,414.2300109863281;297.67498779296875;198.5800018310547;423.3900146484375,0.959;0.959;0.959;0.959,4.08
sample-set/brick_kiln/GC01PS03D0028.jpg,sample-set,1839,1677,4,,float32,,0.0,0.0;0.0;0.0;0.0,255.0;255.0;255.0;255.0,141.0708770751953;113.80205535888672;122.116455078125;66.79441833496094,data/thumbs/sample-set_brick_kiln_GC01PS03D0028.jpg.jpg,ok,1.58,True,49.694000244140625;46.60599899291992;49.358001708984375;46.79800033569336,1.494;1.41;1.27;1.356,4.375
sample-set/brick_kiln/GC01PS03D0028.tif,sample-set,1839,1677,4,,uint16,0.0,4.378,0.0;0.0;0.0;0.0,3167.0;2633.0;2038.0;5075.0,669.2249755859375;644.2408447265625;398.07073974609375;2092.975341796875,data/thumbs/sample-set_brick_kiln_GC01PS03D0028.tif.jpg,ok,23.539,True,296.7640075683594;213.58299255371094;150.16000366210938;506.489990234375,3.992;3.992;3.992;3.992,3.614
sample-set/metroshed_stp_sheds/GC01PS03D0076.jpg,sample-set,2458,6164,4,,float32,,0.0,0.0;0.0;0.0;0.0,255.0;255.0;255.0;255.0,114.45333099365234;100.44641876220703;125.01602935791016;116.17034912109375,data/thumbs/sample-set_metroshed_stp_sheds_GC01PS03D0076.jpg.jpg,ok,6.71,True,56.91299819946289;51.64099884033203;51.12799835205078;54.321998596191406,1.339;1.376;1.362;1.589,6.182
sample-set/metroshed_stp_sheds/GC01PS03D0076.tif,sample-set,2458,6164,4,,uint16,0.0,6.154,0.0;0.0;0.0;0.0,4041.0;3418.0;2803.0;5242.0,925.30712890625;911.7942504882812;675.7821655273438;2218.162841796875,data/thumbs/sample-set_metroshed_stp_sheds_GC01PS03D0076.tif.jpg,ok,115.629,True,373.8590087890625;303.2349853515625;273.8210144042969;856.7139892578125,5.788;5.788;5.788;5.788,4.176
sample-set/playground/GC01PS03T0240.jpg,sample-set,1724,2272,4,,float32,,0.0,0.0;0.0;0.0;0.0,255.0;255.0;255.0;255.0,164.58221435546875;163.6425323486328;179.1386260986328;123.46492767333984,data/thumbs/sample-set_playground_GC01PS03T0240.jpg.jpg,ok,2.392,True,67.86799621582031;56.404998779296875;55.361000061035156;58.58599853515625,1.481;1.54;1.452;1.238,18.081
sample-set/playground/GC01PS03T0240.tif,sample-set,1724,2272,4,,uint16,0.0,0.393,0.0;0.0;0.0;0.0,5401.0;5296.0;4763.0;5291.0,701.1383056640625;704.7387084960938;444.12835693359375;2768.9833984375,data/thumbs/sample-set_playground_GC01PS03T0240.tif.jpg,ok,25.004,True,377.8609924316406;265.1839904785156;233.04800415039062;563.8359985351562,0.082;0.082;0.082;0.082,2.428
sample-set/pond1_pond2/GC01PS03T0236.jpg,sample-set,2782,1592,4,,float32,,0.0,0.0;0.0;0.0;0.0,255.0;255.0;255.0;255.0,121.68082427978516;111.7605209350586;116.35177612304688;136.0336456298828,data/thumbs/sample-set_pond1_pond2_GC01PS03T0236.jpg.jpg,ok,1.804,True,51.4010009765625;44.483001708984375;45.07500076293945;66.84600067138672,1.542;1.566;1.485;1.346,3.42
sample-set/pond1_pond2/GC01PS03T0236.tif,sample-set,2782,1592,4,,uint16,0.0,3.419,0.0;0.0;0.0;0.0,4797.0;4363.0;3842.0;5222.0,943.8915405273438;876.0185546875;654.0889282226562;1356.6185302734375,data/thumbs/sample-set_pond1_pond2_GC01PS03T0236.tif.jpg,ok,25.725,True,380.29901123046875;298.2699890136719;232.41200256347656;755.8740234375,3.046;3.046;3.046;3.046,3.616
sample-set/pond1_pond2_playground/GC01PS03D0018.jpg,sample-set,1737,1559,4,,float32,,0.0,0.0;0.0;0.0;0.0,255.0;255.0;255.0;255.0,132.39373779296875;127.64979553222656;140.61990356445312;114.99533081054688,data/thumbs/sample-set_pond1_pond2_playground_GC01PS03D0018.jpg.jpg,ok,1.693,True,66.35299682617188;60.91899871826172;60.452999114990234;65.23200225830078,1.317;1.297;1.288;1.322,6.851
sample-set/pond1_pond2_playground/GC01PS03D0018.tif,sample-set,1737,1559,4,,uint16,0.0,1.626,0.0;0.0;0.0;0.0,2075.0;1842.0;1577.0;3516.0,997.2490234375;947.921630859375;835.4367065429688;1546.685302734375,data/thumbs/sample-set_pond1_pond2_playground_GC01PS03D0018.tif.jpg,ok,20.669,True,211.9429931640625;157.61700439453125;123.34100341796875;459.5119934082031,1.224;1.224;1.224;1.224,4.745
sample-set/pond2_stp_sheds/GC01PS03D0106.jpg,sample-set,2053,1374,4,,float32,,0.0,0.0;0.0;0.0;0.0,255.0;255.0;255.0;255.0,146.1573486328125;141.62777709960938;145.8997344970703;136.4700927734375,data/thumbs/sample-set_pond2_stp_sheds_GC01PS03D0106.jpg.jpg,ok,1.843,True,61.92399978637695;57.54600143432617;61.14899826049805;64.30999755859375,1.276;1.235;1.293;1.428,6.998
sample-set/pond2_stp_sheds/GC01PS03D0106.tif,sample-set,2053,1374,4,,uint16,0.0,1.356,0.0;0.0;0.0;0.0,5328.0;4437.0;3005.0;8082.0,1087.118408203125;1166.637939453125;943.1759643554688;2454.544677734375,data/thumbs/sample-set_pond2_stp_sheds_GC01PS03D0106.tif.jpg,ok,21.529,True,234.03199768066406;186.53900146484375;158.52699279785156;735.6710205078125,1.052;1.052;1.052;1.052,3.127
sample-set/sheds/GC01PS03D0123.jpg,sample-set,2338,1334,4,,float32,,0.0,0.0;0.0;0.0;0.0,255.0;255.0;255.0;255.0,155.27499389648438;147.16127014160156;153.71420288085938;73.88783264160156,data/thumbs/sample-set_sheds_GC01PS03D0123.jpg.jpg,ok,1.139,True,45.393001556396484;42.236000061035156;43.65999984741211;42.09600067138672,1.602;1.638;1.617;1.476,2.474
sample-set/sheds/GC01PS03D0123.tif,sample-set,2338,1334,4,,uint16,0.0,2.475,0.0;0.0;0.0;0.0,3579.0;3218.0;2724.0;3981.0,825.84228515625;766.56982421875;566.3641967773438;1846.9764404296875,data/thumbs/sample-set_sheds_GC01PS03D0123.tif.jpg,ok,23.803,True,390.1310119628906;317.5780029296875;261.4949951171875;416.5539855957031,2.101;2.101;2.101;2.101,3.712
sample-set/sheds/GC01PS03T0240.jpg,sample-set,1724,2272,4,,float32,,0.0,0.0;0.0;0.0;0.0,255.0;255.0;255.0;255.0,164.58221435546875;163.6425323486328;179.1386260986328;123.46492767333984,data/thumbs/sample-set_sheds_GC01PS03T0240.jpg.jpg,ok,2.392,True,67.86799621582031;56.404998779296875;55.361000061035156;58.58599853515625,1.481;1.54;1.452;1.238,18.081
sample-set/sheds/GC01PS03T0240.tif,sample-set,1724,2272,4,,uint16,0.0,0.393,0.0;0.0;0.0;0.0,5401.0;5296.0;4763.0;5291.0,701.1383056640625;704.7387084960938;444.12835693359375;2768.9833984375,data/thumbs/sample-set_sheds_GC01PS03T0240.tif.jpg,ok,25.004,True,377.8609924316406;265.1839904785156;233.04800415039062;563.8359985351562,0.082;0.082;0.082;0.082,2.428
sample-set/solar_panel/GC01PS03D0155.jpg,sample-set,3400,2377,4,,float32,,0.0,0.0;0.0;0.0;0.0,255.0;255.0;255.0;255.0,104.81636810302734;81.87210083007812;83.77107238769531;69.38923645019531,data/thumbs/sample-set_solar_panel_GC01PS03D0155.jpg.jpg,ok,3.173,True,51.323001861572266;46.3489990234375;46.80099868774414;51.5989990234375,1.574;1.477;1.41;1.549,2.989
sample-set/solar_panel/GC01PS03D0155.tif,sample-set,3400,2377,4,,uint16,0.0,2.992,0.0;0.0;0.0;0.0,3117.0;2382.0;2081.0;5106.0,1342.0419921875;1035.663330078125;674.1731567382812;2870.1396484375,data/thumbs/sample-set_solar_panel_GC01PS03D0155.tif.jpg,ok,61.673,True,452.6180114746094;269.01300048828125;181.5279998779297;777.2059936523438,2.612;2.612;2.612;2.612,5.387
sample-set/solar_panel/GC01PS03T0240.jpg,sample-set,1724,2272,4,,float32,,0.0,0.0;0.0;0.0;0.0,255.0;255.0;255.0;255.0,164.58221435546875;163.6425323486328;179.1386260986328;123.46492767333984,data/thumbs/sample-set_solar_panel_GC01PS03T0240.jpg.jpg,ok,2.392,True,67.86799621582031;56.404998779296875;55.361000061035156;58.58599853515625,1.481;1.54;1.452;1.238,18.081
sample-set/solar_panel/GC01PS03T0240.tif,sample-set,1724,2272,4,,uint16,0.0,0.393,0.0;0.0;0.0;0.0,5401.0;5296.0;4763.0;5291.0,701.1383056640625;704.7387084960938;444.12835693359375;2768.9833984375,data/thumbs/sample-set_solar_panel_GC01PS03T0240.tif.jpg,ok,25.004,True,377.8609924316406;265.1839904785156;233.04800415039062;563.8359985351562,0.082;0.082;0.082;0.082,2.428
